"标题","正文"
"7月31日天津港地区金属硅价格","　　7月31日天津港地区#441硅价格12300-12500元/吨，没有涨跌。                                            (责任编辑：DF318)"
"硅铁1809：6800-7000区间操作","　　1、基本面：随着月底临近硅铁新一轮钢厂招标陆续启动，在部分利好带动下(期货价格上涨、宁夏地区厂家封盘暂不报价、市场排单生产再度显现)厂家盼涨情绪逐渐浓厚，贸易商方面也多表示近期询盘采购情况有所增加；偏多。 　　2、基差：现货价格6600，基差-346，现货贴水期货；偏空。 　　3、库存：仓单605张，21175吨，整体以交付先前订单为主，对外零售较少；偏多。 　　4、盘面：20日线向上，期价在20日线上方运行；偏多。 　　5、主力持仓：主力持仓净多，多减；偏多。 　　6、结论：供货商对北方代表性钢厂公布8月份的采购询盘价格接受意愿不高，本周还有待供需双方进一步商榷及议价，现货市场在钢厂招标的氛围下显得库存略微紧张，相关从业者看涨情绪较浓，短期以观望待涨为主。硅铁1809:6800-7000区间操作。                                            (责任编辑：DF318)"
"硅铁1809：轻仓6700附近做多","　　1、基本面：近日据说第二阶段环保入驻已吹响号角，焦化类做限产预热工作。作为硅铁成本原料之一的兰炭主产区又较为集中在府谷和神木一带，处于此波环保的“风暴”圈中，后期或难避免硅铁厂对兰炭采购难的问题；偏多。 　　2、基差：现货价格6600，基差-224，现货贴水期货；偏空。 　　3、库存：仓单617张，21595吨，整体以交付先前订单为主，对外零售较少；偏多。 　　4、盘面：20日线向上，期价在20日线上方运行；偏多。 　　5、主力持仓：主力持仓净多，多减；偏多。 　　6、结论：硅铁需求走势表现乐观的情况下，短期在成本或提升(硅石、兰炭供给紧张)为市价“筑底”，时逢新一轮钢厂招标进行，硅铁再现“逆袭”走势或可期。但钢厂尚未开始出价采购，存在一定价格风险。硅铁1809:轻仓6700附近做多，止损6650。                                            (责任编辑：DF318)"
"唐山一线调研 了解限产最真实的讯息及影响","摘要            为响应国家打赢蓝天保卫战，实现绿水蓝天的环保计划，河北唐山等地限产消息不断，对整个黑色商品造成了不小的影响。淡季下的成材供需仍维持紧平衡结构，铁矿石一度承压，一德黑色小组围绕限产情况进行了调研（7月17-18日），试图挖掘市场最真实的讯息及影响，并围绕调研提炼出总结和策略。                             　　调研背景 　　为响应国家打赢蓝天保卫战，实现绿水蓝天的环保计划，河北唐山等地限产消息不断，对整个黑色商品造成了不小的影响。淡季下的成材供需仍维持紧平衡结构，铁矿石一度承压，一德黑色小组围绕限产情况进行了调研(7月17-18日)，试图挖掘市场最真实的讯息及影响，并围绕调研提炼出总结和策略。 　　实际限产量预估：根据2018年前5月唐山地区生铁和粗钢的日产数据来看，最高在5月份分别达到36万吨和40万吨，最低值为1-2月份，处于采暖季，二者平均水平分别为28万吨和30万吨。此次调研我们了解到唐山地区实际限产力度有可能与去年采暖季相仿，那么最终实际影响到铁水日均减量约8万吨，粗钢日均减量约10万吨，对应矿石日均减量约12.8万吨，焦炭日均减量约4万吨。 　　1、生产方面：据唐山部分钢厂反馈，此次限产力度不可小觑，，限产时间为2018.7.20-8.31(43天)，竖炉、烧结和高炉分别限50%，迁安地区限30%，遵化限40%，主要限的带钢。有钢厂16、17日开会决定在20号左右停炉。 　　2、原料采购：今年环保时有扰动，某钢厂厂内烧结矿库存维持在一个常量，变化不大， 大概10天以上，因粉矿供应比较充足，基本上维持按需采购。某钢厂国贸公司表示唐山钢厂烧结矿库存全停的有20天，50%限的也有5-7天库存，外采烧结矿主要来自秦皇岛和黄骅。对于品种差的态度迥异，某钢厂表示依然青睐于低铝资源，认为PB粉难有起色，巴西矿溢价难以深跌。某贸易商表示卡粉、BRBF资源资源集中，山东地区依然紧俏，唐山部分钢厂因高溢价已计划更改配比，PB粉性价比显现，且需求回暖，但要看到库存去化，才能对价格产生较大的驱动。各方都表示，高炉限产导致块矿需求也将减少，加之纽曼块库存回升，高溢价难持续。 　　3、非采暖季限产：目前废钢生产环节占比20%左右，限产后废钢占比不会大幅增加，原因是：与铁水比价不合适，目前是淡季，正常生产是对利润最好的保障。目前尚未有官方红头文件流出，但经过我们前后两次调研下来，唐山限产已经属于非官方既定事实，整体限产力度跟去年采暖季相当。7月20号之后，关注官方发声，但从采暖季效果看，此次唐山限产对实际产量的影响有待观察。 　　4、关于利润：唐山此次限产主要集中于带钢生产区，焦化厂限产力度不及高炉，矿石供应充足，原料整体承压，成材整体利润仍有望扩大，主要在于热卷端。PB粉落地利润亏损10元左右，烧结矿利润200-300元/吨，国内精粉较进口精粉有200元左右的价差优势。 　　策略预判 　　1、在高炉限产大概率落实的情况下，预期钢厂产量将被压制，尤其带钢(热卷)，在维持当前需求水平的条件下，卷螺供需紧平衡结构难以打破，供需缺口有可能进一步扩大，单边仍以回调买入近月为主。 　　2、限产高压下，原料需求被压制，尤其矿石，钢厂利润有望继续扩大，逢回调做扩。此次唐山限产主要影响的是板带，而从目前的数据来看，卷螺差有缩小驱动，但因为唐山限产对板带影响较大，徐州复产主要是建材，如果后期唐山限产及徐州复产落实到位，预计热卷供应的收缩力度更大，存在改变当前驱动的可能，因此对卷螺差不建议追空，关注预期兑现。 　　风险点：高炉限产不及预期、需求崩塌。 　　3、铁矿石现货方面，纽曼块库存快速回升，且溢价高企，唐山高炉限产同样削减块矿需求，其高溢价存在向下修复动能。一度被低估的PB粉，自7月以来，澳矿发运大幅回落，PB粉库存连续两周下滑，月内库存仍有望下滑，供应边际发生好转，叠加力拓已将PB粉的铝指标控制在2.2以内，预计8月到港，其价格及与其他品种价差存在修复驱动，值得关注。 　　风险点：高炉限产不及预期、PB粉需求大幅回落。 　　调研正文 　　A钢厂 　　1、硅锰方面 　　唐山地区的钢厂限产对合金的需求，逻辑上是与减产力度成正比，其合金的需求缩减量，在于钢厂的执行力度及部分电炉复产情况，还需跟踪对比后期的粗钢产量数据。 　　2、成材方面 　　(1)唐山地区竖炉、烧结和高炉都限50%，迁安30%，遵化40%。本厂铁水产量影响50%，粗钢产量影响30%以上。 　　(2)唐山限产限的大部分是带钢，型钢少量，带钢缺，滦县、丰润、丰南等区域都出带钢，所以现在做多卷的预期比较强。限产力度跟采暖季差不多，焖炉没有意义，费焦炭。 　　(3)0库存，按需生产。 　　(4)铁路专用线在建，成材销往南方走水运，周边汽运为主。 　　3、原料方面 　　(1)预期焦企现货还得降200左右。 　　(2)矿石等着看20号以后限产执行力度，现在钢厂矿石随用随采。 　　(3)卡粉、BRBF和混合粉比较吃香，PB粉指标改善与用矿倾向关系不大，PB粉供应量充足，难有改观，漂货价格倒挂，限产将减少块矿需求，配矿比较稳定，超特因为品质问题配比由30%降到了20%，混合粉质量好于超特。卡粉占比8-9%，掺氧化铁加一些辅料，不用金布巴。 　　(4)精粉主要从唐山当地采购，造球成本是用精粉干基价加50元左右减去块矿价格，50元属于正常水平。 　　(5)认为矿石在55-60美金震荡，大概率到60美金以下。 　　B钢厂 　　1、成材方面 　　(1)针对20号限产还没有正式官方文件。但以做好相关调整准备工作。 　　(2)钢厂0库存，厂内存放库存为未提库存。限产后，对钢价是一个强有力支撑，对冲淡季需求相对较弱的不利因素。表示对第三季度持乐观态度。 　　2、矿石方面 　　(1)唐山钢厂烧结矿库存全停的有20天，50%限的也有5-7天库存。 　　(2)烧结矿主要采自安丰，宏兴，佰工等秦皇岛钢厂，这些钢厂由于限产和去产能，烧结产能是要大于炼钢产能的，售价900多元，成本700多元。 　　(3)前期金步巴在唐山比较受欢迎，但近几月Fe品位变动较大。 　　(4)块矿多使用南非块，库存10万吨，可用45天左右，表示目前块矿港口库存充足，但市场都还是高价货。 　　C钢厂 　　1、目前纽曼块溢价高，库存回升，高炉限产也会影响块矿需求，预计溢价难以继续上行。 　　2、块矿筛分费大概7元，筛后粉比PB粉贵20-30元，比标准纽曼粉便宜20-30元。 　　3、山东那边钢厂需求以卡粉及巴混低铝矿为主，资源比较集中。唐山这边钢厂对高溢价已经开始觉得划不来，计划更改配比。PB粉的需求已经起来很多，但仍然受到库存的拖累，后面能否逆转，需要看PB粉去库存速度，目前看不到发货下滑，高炉又限产，驱动偏弱。 　　4、认为铁矿被低估，跌不动，FMG成本在430元左右，品味低的成本不一定就低，原始矿品成本很低，但比国内高，通过选矿和混矿，完全成本并不低。 　　A矿贸商 　　1、力拓PB粉铝指标下降，品质有改善，估计8月到货，PB粉对麦克和金布巴等价差面临调整。 　　2、唐山限高炉后，整体铁品味大概要提到55-56%，之前是54-55%。 　　3、国内球团较进口球团倒挂200元左右，内矿受环保影响，产量释放不足，价格坚挺，较进口球团仍有优势。 　　4、目前海漂货PB粉落地利润亏损十几块。                                            (责任编辑：DF318)"
"7月19日郑商所硅铁期货午盘报价","合约名称开盘价最高价最低价最新价涨跌成交量持仓量昨日结算SF1808654465826540658240501286542SF1809664666806612665646818521359686610SF1901659066186566659034156248566556SF1905639664066396640616101566390                                            (责任编辑：DF318)"
"7月16日金属硅日评：低品位硅价小幅回升","　　今日个别低品位硅价小幅调涨，其中不通氧553#硅黄埔港成交区间11400-11500元/吨，天津港在11300-11500元/吨。硅厂挺价意愿坚定，且因为短期订单充裕的原因，不通氧553#硅报价普遍上调，目前港口不通氧553#硅报价在11500-11700元/吨。硅厂表示，今年电力成本同比偏高，若继续按照之前的低价销售则要亏本。                                            (责任编辑：DF318)"
"硅铁1809：观望为主 反弹做空","　　1、基本面：后续情况不明朗的情况下目前贸易商方面采购积极性疲乏，保证出货为先，也很大程度的导致市场挺价意愿有所减弱，厂家资金有所承压；偏空。 　　2、基差：现货价格6600，基差34，现货升水期货；偏多。 　　3、库存：仓单584张，20440吨，厂家普遍暂无库存压力；偏多。 　　4、盘面：20日线向下，期价自上而下突破20日线；中性。 　　5、主力持仓：主力持仓净多，空翻多；偏多。  　　6、结论：主流钢厂硅铁招标价格现已尘埃落定，有指引价格在前，零售市场将趋于明朗，利好难寻下市场或将偏弱震荡运行。硅铁1809:观望为主，反弹做空。                                            (责任编辑：DF318)"
"建立期货虚拟工厂 企业实现灵活经营","　　“服务实体经济在路上”——铁合金篇　　引言　　在调结构、转变增长模式的经济新常态下，硅铁行业一直处于一个进入门槛较低，小、散、乱的局面。绝大多数硅铁企业属于民营企业，小而散，产能的扩张和缩减无序，在价格上涨过程中，产能扩得快、增得快。由于下游企业钢厂在定价权上处于绝对优势地位，铁合金企业的生存模式随着行业饱和及宏观经济下滑风险面临着严峻考验。而青海中力硅业股份有限公司较早地认识到这一潜在风险，大力支持发展期货业务，充分利用轻资产、高流动性特点，与现货经营优势互补、搭配运营，有力保障了企业稳健发展。　　行业“冰川”已解冻　　众所周知，硅铁的生产原料是硅石，实际就是一种“石头”，原料的成本不高，主要成本是在电费上，生产一吨硅铁需要耗费7800度—8000度电。生产环节的工艺并不是特别复杂，由于进入门槛不高，导致其产能一直处于过剩状态，这是行业的第一个特点。第二个特点是国有资本介入少，绝大多数属于民营资本，且小而散，导致产能的扩张和缩减处于一个无序状态。在价格上涨过程中，产能扩得快、增得快。第三个特点是下游企业钢厂在定价权上处于绝对优势地位。硅铁和硅锰在钢铁产业链中被称为炼钢的味精(冶炼1吨钢大约需要14公斤硅锰)，硅铁目前是国内大宗商品中为数不多的需要上游送货上门的品种，并且钢厂对铁合金厂的结算，主要以承兑汇票为主，而且即使承兑汇票，也是延期支付。　　“由于上述三个特点，硅铁行业发展一直面临双重压力，不但要应对外部来自下游的挑战，同样要面对来自行业内部产能扩张的挑战。2016年以前，硅铁的价格已经连续下跌了很多年，行业也经历了幅度最大的一轮洗牌。硅铁期货上市的时间是2014年8月8日，这个时间点恰好处在现货市场价格下跌过程中，也是行业的洗牌过程。”青海中力硅业股份有限公司(下称中力硅业)总经理吴海波告诉期货日报记者。　　据了解，不少企业在这轮洗牌中已淘汰出局，2014—2015年是铁合金行业最艰难的两年，价格一路下跌，企业从盈利转为亏损，行业洗牌力度加大，特别是2015年12月，整个硅铁和硅锰企业的开机率为历史低位，产量严重下滑，市场几乎无货可寻。主营业务失血不止，整个行业步入“冰川期”。吴海波说，在此期间，企业开始关注铁合金期货，并且结合企业现状，走上产融结合的道路。　　铁合金期货上市以来，经历了一个较长时间的蛰伏期。中力硅业从2014年硅铁期货调研开始，就一直参与其中，据吴海波介绍，中力硅业是第一批开户参与硅铁期货的生产加工企业。在刚开始的参与中，中力硅业对“远期”卖货产生了浓厚兴趣，这是企业对期货市场最初的认识，中力硅业是把期货市场当成了另一个销售市场。　　“而随着对硅铁期货更深的参与，中力硅业进一步认识到企业参与期货市场是为了转移和规避自身现货经营的风险，对期货杠杆有了切身并且直观的感受。”吴海波表示，中力硅业在硅铁期货成交低迷时，宁可不做让账户休眠，也不做其他品种。企业的生产经营本来就承担着巨大的价格风险，尤其是硅铁市场，连续多年的萎靡使得价格连续下跌，行业正处在一个洗牌期，企业连自身的经营风险都转移不出去，做其他不懂的品种更是自寻绝路。　　在华信期货兰州营业部总经理葛振栋看来，规避风险做对冲的时候，不能只看绝对价格，更要关注市场大环境和价格的大趋势。套期保值，不是一定要等到有利润的价格再来卖，也不是一定要交货。铁合金期货刚上市时，给出了为数不多的正向市场卖出套保机会。中力硅业参与的数量并不多，随着时间的推移，期现倒挂的局面一直维持，企业也就一直观望。　　“当时我的想法是，期货价格比现货价格还低，怎么能在期货市场上卖呢？可是随着2015年整年的下跌，我们逐步意识到期现倒挂是一种常态，不可以把期货市场简单理解为一个销售市场，对企业而言，它是一个风险对冲市场。现货市场的经营风险、价格风险，应该通过期货市场对冲出去，应该利用期货市场做空机制来缩小现货跌价带来的损失。”吴海波认为，套不套保跟趋势有关系，跟绝对价格没有必然的关系。当企业面临价格下跌风险的时候，第一时间是找个市场把这个下跌风险对冲出去，而不是非要等一个比现货价高或者差不多的期价，把期货市场当作完全的现货销售市场。　　运用铁合金期货日趋成熟　　2017年春节过后，硅铁期货迎来了一波幅度不小的上涨，虽然维持时间不长，且很快就跌回原形，但是，从上涨开始前钢厂和贸易商的到处寻货，到价格上涨之后产能恢复的情况来看，由于受硅铁价格连年下跌影响，价格上涨之后产能恢复相当谨慎，供应整体偏紧的格局并没有出现实质性改变，市场传导给企业的压力越来越大。　　吴海波告诉期货日报记者，整个6月和7月，中力硅业均是满负荷生产，当月订单早早排满，但是采购商询价不断。怎么办呢？如果扩大生产，采购设备再点火，周期太长，面临的风险比停产企业复产的风险还大，在此情况下，扩大生产不如租用已经停产的产能，而租用已停产的产能不如在期货市场上买货，在反反复复的对比下，中力硅业决定在期货市场上采购，以满足订单需求。　　吴海波介绍，当时企业内部商讨了几种策略。策略一：扩大生产。但是，周期太长，并且由于硅铁整体产能严重过剩，一旦价格回到下跌周期，新增产能的花费又相当于白扔了，因此这是下策。策略二：租用停产企业的设备。这是行业内比较流行的做法，你经营不善我来经营，一直以来租厂的情况也不少见。但是，受中力硅业人力资源限制，经营和管理人员人数有限，特别是租厂之后，原料采购、电费安排、人员工资的安排都需要付出大量的财务成本，需要现金周转，不容易落实。策略三：在期货市场采购，既然期货市场可以交割，就能采购到实物，就能变相满足“生产”的需求。　　“当时，中力硅业内部争论很大。毕竟期货对于大西北的企业来说是个新生事物。企业到底能不能从期货上建立库存，到底能不能采购到现货，到底能不能和下游放大订单签死合同(签了订单就必须供货)。”吴海波说，如果交割，需要准备资金以及价格波动不利时需要准备保证金，对此企业和会员单位进行了反复沟通，也进行了反复测算。最终在和下游不放大订单签死供货合同原则下，决定接货后走贸易渠道。入市采购的意见占了上风，中力硅业高层认为这是满足额外采购订单的最安全的办法。　　吴海波介绍，入市采购、建立近月虚拟库存的另外一个重要原因在于期现价格倒挂，期货价格低于现货价格。于是在7月底8月初，企业根据订单需求，在主力合约建立了大约2000吨虚拟库存，以补充满足8月和9月订单以外的询盘需求。8月上半月，硅铁期货经历了上市以来最为凌厉的上涨走势，和春节后出现的低价相比，期货价格涨幅接近翻番。但是对比同时期的现货价格，期价的上涨幅度仍然相对保守。在价格整体上涨的上半年(除了3月初，硅铁出现过时间不长的正向市场，期价高于现价)，大多数时间都是现货价高于期价，尤其是最疯狂的8月，基差一度达到1400元/吨(基差=现货价格-期货价格)，这也从一个侧面说明这一轮上涨完全是由基本面供应相对短缺造成的，完全是现货引领期货，现货价引领期价，期价属于被动跟涨。　　在期现价格同时上涨的情况下，中力硅业取得了很大的浮盈。随着交割月的临近，期价逐步向现货价靠拢，但是由于现货价格一直高于期价，卖出保值的空头无人愿意注册仓单(期价一直低于现货价)，所以临近交割日，多空出现了对峙局面。由于企业原来建立虚拟库存的思路就是要从期货市场交割采购现货，但中力硅业发现货还没有采购也还没有销售就已经赚取了丰厚的利润，在交易所控制风险以及交割还需要支付一定成本的情况下，其选择获利退出，平仓了结。　　1709合约交割结束后，中力硅业对过去两个月的操作进行了总结。8月上旬，现货市场价格的上涨速度和幅度远远大于期价，这从基差的一路拉大就能看得出来，现货市场价格甚至出现过一天1000元/吨的涨幅，对于有涨跌停板限制的期价来说，简直不可思议。但是，在市场疯狂过后，现货价格下跌同样来得很快，9月初，现货价一口气跌回到上涨前的位置，如果采用新扩产能或者租用其他企业设备的办法，企业在这波行情中将面临巨大风险。“在现货资源紧缺供应偏紧，而新扩产能和租用产能这种远水不解近渴的情况下，在期货市场建立一定数量的虚拟库存，是一种风险相对较小的扩大经营的办法。”吴海波深有体会地说。　　利用期市建立虚拟工厂　　有时候，产不足需、订单大于自身产能，是企业不得不面对的一个现实，而如何解决由产能过剩带来的阶段性供不应求的现状是企业必须考虑的一个问题。据期货日报记者了解，中力硅业利用期货市场来实现扩大产能的目的，实际上是新建了虚拟工厂。生产企业不去对自己的产能进行卖出保值，而进行买入操作，不能说没有风险。但是这种风险的大小还是要视企业的具体情况来定，包括企业规模、经营环境、企业自身发展需要等诸多因素。如果一个企业产能很大，产量也很大，在价格下跌、开机不足的情况下进行买入操作，是很难让人理解的。中力硅业的产能很小，一台炉子月产1000吨，2016年以来，随着硅铁整体价格的逐步抬高，企业本身就有扩张的需求。而对于什么时候新建厂房、新买炉子生产，心里也很矛盾，毕竟过去几年洗牌的情景历历在目。在宁夏中卫、甘肃以及青海，“折了腰”到现在也没重新开张的厂子比比皆是。建新厂是一件风险巨大的事，而面对五六年的跌势之后，终于出现止跌企稳、有利可图的价格，企业还能按兵不动吗？企业经营的目的是为了赚取利润，而不是为了规避风险。规避风险只是实现利润的手段之一，而不是最终目的。在对比建立实际工厂和虚拟工厂的种种利弊之后。中力硅业决定在价格企稳上涨有利润可图的情况下，建立虚拟工厂。　　“在价格下跌过程中，建立虚拟工厂和建立实际工厂面临的风险其实是一样的。把控虚拟工厂不再放大风险的关键点在于，建立实际工厂计划新扩的产能有多少(企业能处理销售的新增产能有多少)，买入建立的虚拟库存就有多大。”吴海波说，比如，计划新建产能1000吨/月，那么每个月得多销售1000吨，一个季度得多销售3000吨，单主力合约上虚拟库存的数量不宜超过3000吨。目前硅铁期货主力合约有1月、5月、9月。以9月合约为例，9月买入交割回来的现货需要在未来3个月销售完，每月多销售1000吨，9月合约的虚拟库存不宜超过3000吨，至于明年2月、3月、4月的新增产能或者虚拟库存何时建，需要根据价格趋势在来年的主力合约上择机再建，情况不好可以不建，这就是虚拟工厂更灵活的地方。　　实际上，这1000吨新增量，企业是可以从现货市场销售掉或者处理掉的，如果贸然放大，企业在不利情况下销售不掉或者处理不掉，那企业面临的风险无形中就越放越大了。　　据吴海波介绍，建立虚拟工厂的好处主要有以下三点：第一，建实际工厂所有的事项，包括选址、厂房、工人工资、原料、电费等，都会被期货市场一个简单的买入操作所代替，可以节约下大量的时间和精力，来研究市场价格和如何销售。第二，只要把握好“产量”，虚拟工厂的风险和实际工厂的风险是一样的。但在风险发生后，如价格下跌造成亏损后，虚拟工厂比实际工厂更容易处理。虚拟工厂平仓后亏损或者接货后销售亏损，亏损当期了结。而实际工厂一旦亏损到无法运转停顿下来，就会变成一堆废铁，一文不值，因为这个行业的产能过剩是十分严重的，只能看着它头疼。第三，针对硅铁这种本身价格波动率大、价格波动范围也偏大的小品种，需要一种更为灵活的产能进入与退出机制。　　谈及企业利用期货市场规避风险的操作经验，吴海波建议，不管是扩大产能、建立虚拟工厂还是卖出保值、对冲风险，企业一定要围绕自己的生产经营来布局。中力硅业建立虚拟工厂背后的原因是其本身就有扩大产能的需求，所以在期市买入、扩大产能的风险是和建立实际工厂的风险来做权衡对比。并且虚拟工厂建立虚拟库存的头寸一定要和计划建立实际工厂的产能对比，不能超越自己计划的销售能力。卖出套期保值对冲风险重势不重价，尤其是在大宗商品期货市场绝大多数品种常年处于反向市场的情况下，一定不能计较价格。　　据记者了解，鉴于硅铁行业一直处于一个进入门槛较低，小、散、乱的局面，中力硅业未来对于新建产能处于保守态度。即使租用已停产的厂子，某种程度上比付出真金白银新建厂子可能面临的风险要小，所以建立虚拟工厂是在价格处在上涨趋势中重点考虑的操作。2017年以来，中力硅业虽然参与期货市场的频率不高，但是节奏掌握得比较好。这主要有两方面原因：一是企业的操作都是由自身的经营需求出发，已经做好了价格波动不利于自己的充分准备；二是企业在常年累月的现货经营中，对价格的波动具有一定的敏感性。　　“未来，随着市场参与结构的完善和期现结构的完善，我们计划在基差交易、跨月套利、跨品种套利方面也做一定的探索和尝试。”吴海波信心满满地说。                                            (责任编辑：DF318)"
"多空因素交织 铁合金市场波动加剧","摘要            近两年铁合金“双兄弟”无疑成为商品市场的耀眼“双子星”，受钢铁行业供给侧改革大潮带动，铁合金市场关注度不断提高，期货交易活跃度不断提升，为产业客户提供了良好的套保条件，进而带动产业资金参与套保避险，由此而形成良性循环格局。探究其产业逻辑，钢材供应缺口尚存，钢厂生产积极性较高，铁合金需求平稳上升，中长期呈现重心逐步上移趋势。而由于铁合金自身产业分布较为集中，近年来随着环保压力的不断加大，对供给端产生明显的扰动，导致价格频繁出现大幅波动。                             　　近两年铁合金“双兄弟”无疑成为商品市场的耀眼“双子星”，受钢铁行业供给侧改革大潮带动，铁合金市场关注度不断提高，期货交易活跃度不断提升，为产业客户提供了良好的套保条件，进而带动产业资金参与套保避险，由此而形成良性循环格局。探究其产业逻辑，钢材供应缺口尚存，钢厂生产积极性较高，铁合金需求平稳上升，中长期呈现重心逐步上移趋势。而由于铁合金自身产业分布较为集中，近年来随着环保压力的不断加大，对供给端产生明显的扰动，导致价格频繁出现大幅波动。　　钢厂高利润常态化　　铁合金需求直接挂钩粗钢产量，在高利润刺激和终端需求平稳支撑下，粗钢产量稳步增长。因此，中长期来看，铁合金需求仍有继续增长的空间。虽然粗钢产量不断创新高，促使供应缺口不断缩小，但是截至二季度，库存在季节性淡季依然持续下滑，也表明螺纹钢供应缺口尚存，需求平稳也进一步刺激供给良性增长，换而言之也就是铁合金需求平稳增长。　　供给侧改革作为国家战略，自去年二季度开始，去产能初见成效，钢企开始出现较为稳定的盈利，未来几年将继续巩固钢铁供给侧改革的成果，尤其是环保会成为行政去产能之后的重要抓手，其对于供应端的影响不容小觑。随着国家对于环境保护的不断重视，其对供应端的扰动或存在超预期的可能，在此背景下，今年螺纹钢市场供应缺口将继续存在，高利润仍有持续走高的可能，这将抬升钢铁原料、包括铁合金的溢价空间。　　原料上涨空间可期　　产能相对过剩、叠加小而散的产业结构对价格形成压力。铁合金行业是一个产能过剩的行业，以硅铁合金为例，受高限产政策影响，2017年全年平均开工率仅23.6%，而在没有环保因素影响的2016年，硅铁合金厂开工率也仅为28.6%，如此低开功率依然能够满足钢厂需求，由此可见，铁合金市场为产能相对过剩的行业。　　自2017年开始，环保压力不断加大，铁合金企业频繁遇到限产，近期的环保回头看行动再次激发市场的做多热情。硅石、兰炭价格不断抬升，虽然两者在总成本中占比不大，但是在供需相对紧平衡的市场，从情绪方面同样促使硅铁厂稳步提高价格。因此，目前的硅铁成本仍在上涨趋势中。　　锰硅合金同样受环保因素影响较大，较为突出的是西南地区，由于限产企业较多，6月合金厂生产硅锰为高价位锰矿，形成成本支撑，锰矿环比8月有所上涨，但锰矿库存有所累积，硅锰合金厂复产较多。总之，多空因素交织，硅锰合金依然处于高位振荡态势。　　综上所述，政府环保政策所引发的成本上移，成为铁合金持续振荡上涨的主要驱动因素，同时近期建筑终端需求平稳，叠加钢厂高利润，后市原料上涨将有较大的空间。　　(作者单位：国泰君安期货)                                            (责任编辑：DF318)"
"铁合金：利多刺激不足 双硅空单离场","周四，硅铁1809合约低开上行。内蒙古72#现金含税价6500-6850元/吨，较上一交易日涨150元/吨。北方代表性钢厂终已落定7月份硅铁招标价格，为7180元/吨，数量5703吨。大多厂家仍处于排单生产中，市场并不更多利好，鉴于今日螺纹库存表现理想的前提下，黑色系后期或带动走强，短线建议空单获利离场。周四，锰硅1809合约低开高走。硅锰6517#市场报价维持在8000-8100元/吨附近，较上一交易日持平。现货市场资源较为短缺，钢厂招标价给予支撑，在环保政策愈演愈烈的前提下，整体厂商开工率维持较低水平。锰矿石港口报价稳中走高，成本支撑重心上移。技术面上，期价在7800元/吨附近获得支撑，短期空单可获利离场。                                            (责任编辑：DF318)"
"硅铁：预计后市大概率宽幅震荡","　　1、基本面：硅铁风向标招标价格的敲定奠定市场基调，且因多重因素交织业内心态分歧并不利于推涨价格；中性。 　　2、基差：现货价格6600，基差-118，现货贴水期货；偏空。 　　3、库存：仓单422张，14770吨，厂家普遍暂无库存压力；偏多。 　　4、盘面：20日线向上，期价在20日线上方运行；偏多。 　　5、主力持仓：主力持仓净多，多减；偏多。  　　6、结论：主流钢厂硅铁招标价格现已尘埃落定，有指引价格在前，零售市场将趋于明朗，新增利好难寻下市场或继续维稳运行，预计后市大概率宽幅震荡。硅铁1809:6600-6900区间操作。                                            (责任编辑：DF318)"
"7月4日硅铁市场全国主要地区报价持稳","产品牌号出厂价地区备注硅铁72#6500--6700内蒙现金含税硅铁72#6500--6700甘肃现金含税硅铁72#6500--6700青海现金含税硅铁72#6500--6700宁夏现金含税硅铁72#6400--6600陕西现金含税硅铁72#5600--5700安阳现金不含税硅铁75#6800--6900内蒙现金含税硅铁75#6700--6900甘肃现金含税硅铁75#6600--6900青海现金含税硅铁75#6600--7000宁夏现金含税硅铁75#6500--6800陕西现金含税                                            (责任编辑：DF318)"
"硅铁1809：前期多单依托5日线持有","　　1、基本面：本周钢招即将集中展开，在钢招未出台具体涨跌幅度之前，贸易商方面暂时采购意愿不强，而硅铁市价主流也或将大概率的延续相对平稳态势；中性。 　　2、基差：现货价格6600，基差-346，现货贴水期货；偏空。 　　3、库存：仓单401张，14035吨，厂家普遍暂无库存压力；偏多。 　　4、盘面：20日线向上，期价在20日线上方运行；偏多。 　　5、主力持仓：主力持仓净空，空增；偏空。  　　6、结论：新一轮招标即将出台加之硅铁厂家挺价意愿较强，且环保因素对价格有一定的支撑作用。硅铁1809:前期多单依托5日线持有，逢高可适当减仓。                                            (责任编辑：DF318)"
"螺纹关注上方3830的阻力以及下方3630的支撑","　　 昨天夜盘，螺纹钢震荡整理，最终收于3766元/吨。现货方面，HRB40020mm全国价格小幅上涨，全国报价4126元/吨，上海报价4040元/吨。铁矿石普式指数继续小幅上涨，目前报价63.95。铁合金方面，截止6月28日，硅铁市场多数报价在6300-6600元/吨。硅锰出厂均价维持在8200-8300元/吨区间。 　　消息面上，据Mysteel库存数据，截至6月28日，35城螺纹481.90增3.67，线材134.06增2.32；133城螺纹724.07增4.74，线材233.70增2.32。热卷库存206.13增4.96。钢厂螺纹库存201.43，增加10.61。钢厂线材52.79，+5.54(万吨)。 　　目前干扰市场价格因素较多，大跌之后贸易商拿货较前期谨慎，在此影响下，钢厂库存增幅较大。目前需求季节性走弱，国内外宏观环境扰动较大，加之市场恐高心态，我们认为钢价短期仍震荡走弱。技术面上，螺纹关注上方3830的阻力以及下方3630的支撑，铁矿跟随螺纹走势，关注上方480的阻力以及下方450的支撑，热卷关注3930的阻力以及下方3780的支撑。硅铁1809关注7000的阻力以及下方6400的支撑，锰硅1809关注8300的阻力以及下方7840的支撑。                                            (责任编辑：DF318)"
"铁合金 关注套保机会的显现","　　今年环保督察力度严、涉及广、手段犀利，但与去年对铁合金行业的影响相比，今年企业的减产幅度收窄。 　　市场热点 　　6月底钢厂开启7月招标采购，硅铁采购价格环比普跌，承兑到厂价普遍在6900元/吨左右，硅锰采购价环比涨幅明显，普遍在8000—8500元/吨承兑到厂。每月月底钢厂招标采购均是需求放量阶段，但集中采购过后市场成交走淡，厂家以交付订单为主。因此除了月底需求增加导致供应紧张外，月中以贸易商订单为主，市场行情难以持续走强。 　　短期市场炒作热点在于宁夏石嘴山关于“散、乱、污”企业制定的专项行动方案。其中，对铁合金市场影响比较大的是对于16家20000KVA以下矿热炉进行断电停产整改，涉及9家硅锰企业，预计影响月产量3万吨左右。但据我们了解，目前企业尚未断电整改，且整改时间未定。 　　短强长弱 　　硅铁供应从2017年偏紧逐步向紧平衡过渡，2018年高开机率下供应格局趋于宽松。2017年国内硅铁市场供应持续紧张，但随着价格上涨以及生产利润扩大，企业开机率上升，产能大量释放，供应持续增加。2018年1月中卫复产，加之2017年12月其他产区增产，供应从紧张转为紧平衡。2月需求缩减，过剩率扩大至6.8%，加上春节后下游需求释放缓慢，去库存不及预期，3、4月库存积累明显。整体上，2018年供应相比2017年宽松。 　　硅锰阶段性供应紧张推升期现价格。相比硅铁，硅锰行业相对宽松，3月过剩率在15%左右，4、5月逐步收窄，6月在环保压力下整体产量继续下滑，出现阶段性供应紧张，特别是在钢厂招标之际，企业库存在二季度最低水平，而贸易商提前囤货更是加剧了市场寻货难的情况。不过，此次环保督察已经到后期整改阶段，预计减产数量不及去年12月。从消息面看，此次石嘴山断电整改的硅锰炉数也比4月3日政府发文中涉及的40多台硅锰炉数量少。随着环保“回头看”接近尾声，前期要求整改的企业将复产，后期供应压力会逐步释放，强势行情或逐渐退潮。 　　套保将成为常态 　　从2018年的交割情况看，硅铁交割量从1月的5355吨增加到5月的9275吨，仓单注册量最高为31675吨，一方面说明期市的认可度再上台阶，另一方面说明企业参与度、成熟度大大提升。预计今年硅铁的开机率有望恢复到2013年的水平，需求端虽然保持增量但增幅小于供应端，因此建议企业在期市进行套保。 　　受短期利多因素刺激，硅锰期现价格不断走高，不过锰矿价格上涨幅度受制于港口库存和下游复产进度。目前硅锰厂利润在500—800元/吨不等，在矿山和钢厂的夹击中，硅锰厂维持高额利润的时间段一般不长，因此建议企业参与1809合约的保值操作。 　　(作者单位：华信期货)                                            (责任编辑：DF318)"
"硅铁1809：前期多单继续持有","　　1、基本面：本周钢招即将集中展开，在钢招未出台具体涨跌幅度之前，贸易商方面暂时采购意愿不强，而硅铁市价主流也或将大概率的延续相对平稳态势；中性。 　　2、基差：现货价格6600，基差-260，现货贴水期货；偏空。 　　3、库存：仓单78张，2730吨，厂家普遍暂无库存压力；偏多。 　　4、盘面：20日线向上，期价在20日线上方运行；偏多。 　　5、主力持仓：主力持仓净多，多增；偏多。  　　6、结论：新一轮招标即将出台加之硅铁厂家挺价意愿较强，且环保因素对价格有一定的支撑作用。硅铁1809:前期多单继续持有，止损6600。                                            (责任编辑：DF318)"
"期市收盘：硅铁“崭露头角” 沪铝短期承压运行","摘要            【硅铁“崭露头角” 沪铝短期承压运行】东方财富网26日讯，国内期市收盘涨跌互现，硅铁涨超3%，豆粕涨超2%，菜粕、豆二、塑料涨超1%，原油涨近1%；黑色系、有色金属表现疲弱，焦炭跌近4%，沪镍、焦煤跌超2%，玻璃、螺纹钢、动力煤跌近2%，但沪铅涨超1%。                             　　东方财富网26日讯，国内期市收盘涨跌互现，硅铁涨超3%，豆粕涨超2%，菜粕、豆二、塑料涨超1%，原油涨近1%；黑色系、有色金属表现疲弱，焦炭跌近4%，沪镍、焦煤跌超2%，玻璃、螺纹钢、动力煤跌近2%，但沪铅涨超1%。　　硅铁今日涨幅居前，并触及前期压力位，截至收盘，硅铁主力涨3.69%，报6860元/吨。　　硅铁“崭露头角”　　国投安信研究员分析认为，硅铁价格上涨的主要原因为以下三点：　　第一点是来自粗钢的影响：粗钢产量在增加，5月份同比增长12.28%。原因为供给侧改革执行力度加大，环保“回头看”以及地条钢大检查这些政策面因素带来地条钢、中频炉这类产能开工率下降，也就使得正规粗钢产量的上升，从而扩大了对硅铁的需求量。　　第二点是来自镁产量的影响，金属镁在今年二季度以来平稳保持在7万吨以上，但是同比下降较多。目前金属镁市场处于价格较高，但是高价位成交较弱，叠加镁锭厂家库存较低，供需两弱，价格持稳。　　第三点是来自出口的影响，前三个月出口量增幅较高，四月份由于海关自身原因停止更新后，无法获取数据。但是据了解出口方面需求仍然维持在较好的水平。　　　　值得注意的是，沪铝主力合约1808今日低开低走，尾盘收于14035元/吨，日跌1.06%。经过一个多月的横盘振荡后，近日沪铝冲高回落，波动率加大，资金持续流出。　　市场分析人士认为，在成本下降叠加淡季预期下，沪铝短期承压运行。　　　　沪铝短期承压　　　　电解铝成本走低，沪铝承压。截至6月21日，澳洲氧化铝FOB价格继续小幅下跌至450美元/吨，国内氧化铝价格亦持续走弱。随着铝价大跌，铝厂采购氧化铝的意愿下降，机构报价下跌至2800元/吨以下，市场部分签单价格已下跌至2700元/吨附近。氧化铝短期供应过剩，市场将维持低迷状态，价格仍有下跌空间。　　此外，淡季库存降速减缓。从供应端来看，截至6月21日，我国电解铝有效产能为4636.2万吨，运行产能为3690.4万吨，开工率79.59%，运行产能较年初增加约110万吨，较去年同期减少近170万吨。总体来看，供应缓慢增加，产能投放速度明显低于预期。目前国内电解铝运行产能继续增加，华磊、华润、华仁、百矿等铝厂的新增产能缓慢投放，三季度仍有超过百万吨产能计划投产，供应压力逐渐增加。　　上海有色网数据显示，截至6月21日，我国铝锭社会库存为192.4万吨，较前一周减少4万吨。与此前连续四周超过5万吨的降幅相比，库存下降速度有所减缓。主要仓库出库量有下降迹象，且铝棒库存上周大涨近20%，达到7.4万吨，这说明需求有所转弱，淡季效应开始显现。铝锭去库存逐渐进入尾声，7月份有望迎来库存拐点。　　中电投先融期货分析师认为，现阶段宏观环境复杂，美元持续走强，有色品种整体承压。电解铝成本下降至13800元/吨附近，铝锭出库量下滑，去库存放缓，铝棒库存回升，需求逐渐转淡。在缺少消息面利多指引的情况下，预计沪铝短期仍将偏弱运行，操作上以逢高做空为主。关注自备电整治文件落地情况及宏观环境变化，沪铝在成本线附近可考虑空单止盈并逐步布局多单。                                            (责任编辑：DF318)"
"期市午盘：黑色系低迷两粕回暖 硅铁主力“崭露头角”","摘要            东方财富网26日讯，国内期市午盘涨跌互现，硅铁涨超3%，豆粕涨超2%，菜粕、豆二、塑料涨超1%，黑色系普遍低迷，焦炭跌超3%，沪镍、苹果跌超2%，焦煤、动力煤、螺纹钢、热卷、沪锌、郑棉跌超1%。                             　　东方财富网26日讯，国内期市午盘涨跌互现，硅铁涨超3%，豆粕涨超2%，菜粕、豆二、塑料涨超1%，黑色系普遍低迷，焦炭跌超3%，沪镍、苹果跌超2%，焦煤、动力煤、螺纹钢、热卷、沪锌、郑棉跌超1%。　　　　硅铁“崭露头角”　　硅铁今日涨幅居前，并触及前期压力位，截至午盘，硅铁主力涨3.14%，报6824元/吨。　　国投安信研究员分析认为，硅铁价格上涨的主要原因为以下三点：　　第一点是来自粗钢的影响：粗钢产量在增加，5月份同比增长12.28%。原因为供给侧改革执行力度加大，环保“回头看”以及地条钢大检查这些政策面因素带来地条钢、中频炉这类产能开工率下降，也就使得正规粗钢产量的上升，从而扩大了对硅铁的需求量。　　第二点是来自镁产量的影响，金属镁在今年二季度以来平稳保持在7万吨以上，但是同比下降较多。目前金属镁市场处于价格较高，但是高价位成交较弱，叠加镁锭厂家库存较低，供需两弱，价格持稳。　　第三点是来自出口的影响，前三个月出口量增幅较高，四月份由于海关自身原因停止更新后，无法获取数据。但是据了解出口方面需求仍然维持在较好的水平。　　值得注意的是，今日焦炭主力大幅下挫，截至午盘，焦炭主力跌3.65%，报2030元/吨。　　环保政策对焦炭市场供需面的影响不容忽视　　焦炭协会会长崔丕江指出，自2016年供给侧改革以来，煤焦钢行业市场的供需变化，价格和效益的明显改善，最重要的因素是近几年来1亿多吨地条钢被取缔，表外违规产能被清除，使市场的供需达到了新的平衡，从而推动煤焦钢价格的大幅回升。　　据中焦协调查，目前全国规模以上焦化生产企业有455家，冶金焦产能4.45亿吨，再加上兰炭企业，大致有500多家，产能超过6亿吨，也是产能严重过剩行业。　　2018年焦炭价格起伏波动较大。主要有以下三点原因：一：焦化行业集中度偏低，产能处于严重过剩状态。二：独立焦化企业定价机制还不够科学合理，同质化竞争严重。三：环保限产执行力度在不同地区差异较大，区域间供需平衡调节滞后，短期内造成供需错配。　　最后，崔丕江强调，2018年我国焦化市场的供需状况还将处于供过于求的局面，焦化环保合规达标的监管影响将是重要因素。　　不过，市场分析人士赵小波认为，焦炭后期供给将上升，下游需求保持平稳，基本面有所走弱，因此焦炭期价上涨势头将放缓。预计焦炭期价后期将以高位盘整为主，焦炭1809合约运行区间为2100元/吨~2200元/吨，操作上建议以区间操作为主。                                            (责任编辑：DF318)"
"硅铁：预计后市下行空间或有限","　　1、基本面：虽市场压价现象之下硅铁现货成交热情普遍受限，但厂家方面也多观望市场，主动降价的意愿不强；中性。 　　2、基差：现货价格6500，基差-52，现货贴水期货；偏空。 　　3、库存：仓单0张，厂家普遍暂无库存压力；偏多。 　　4、盘面：20日线向上，期价自下而上突破20日线；中性。 　　5、主力持仓：主力持仓净空，空增；偏空。  　　6、结论：新一轮招标即将出台加之硅铁厂家挺价意愿较强，预计后市下行空间或有限。硅铁1809:空单离场，观望为主。                                            (责任编辑：DF318)"
"铁合金：关注钢招价 双硅偏多操作","　　周五，硅铁1809合约震荡上行。内蒙古72#现金含税价6250-6400元/吨，较上一交易日持平。尽管现货市场弱稳运行，但是随着新一轮钢招价即将开启，且粗钢产量持续创下新高，对合金的需求有托底。技术面上，今日的阳线一举突破均线组，短期建议在6500附近多单介入。 　　周五，锰硅1809合约偏弱震荡。硅锰6517#市场报价维持在7800-7900元/吨附近，较上一交易日涨100元/吨。市场期待新一轮的钢厂招标价，市面上报价相对混乱，但是康密劳近期对华的报价上调，锰矿石是锰硅的重要成本。短线建议偏多操作。                                            (责任编辑：DF318)"
"硅铁1809：空单离场 观望为主","　　1、基本面：虽市场压价现象之下硅铁现货成交热情普遍受限，但厂家方面也多观望市场，主动降价的意愿不强；中性。 　　2、基差：现货价格6500，基差92，现货升水期货；偏多。 　　3、库存：仓单280张，9800吨，厂家普遍暂无库存压力；偏多。 　　4、盘面：20日线向下，期价在20日线下方运行；偏空。 　　5、主力持仓：主力持仓净空，空减；偏空。  　　6、结论：新一轮招标即将出台加之硅铁厂家挺价意愿较强，预计后市下行空间或有限。硅铁1809:空单离场，观望为主。                                            (责任编辑：DF318)"
"硅铁1809：空单依托20日线持有","　　硅铁： 　　1、基本面：当前硅铁供能仍处高位，而短期内市场或难寻新的有力支撑，对于当前市场采购需求相对供应还是较少；偏空。 　　2、基差：现货价格6500，基差158，现货升水期货；偏多。 　　3、库存：仓单454张，15890吨，厂家普遍暂无库存压力；偏多。 　　4、盘面：20日线向下，期价在20日线下方运行；偏空。 　　5、主力持仓：主力持仓净空，空减；偏空。  　　6、结论：市场供需格局依旧是制约硅铁价格变动的主要因素，短期而言，硅铁或呈盘整态势运行。硅铁1809:空单依托20日线持有。                                            (责任编辑：DF318)"
"14日期市早参：美联储主席发言偏中性美元回落 商品略受支撑","　　贵金属期货　　隔夜美联储加息25个基点，符合市场预期。美联储决议声明显示，预计2018年还将加息两次，未来仍将渐进式加息，加息节奏与经济情况保持一致。在美联储鹰派声明发布后，美元大涨，但随着美联储主席鲍威尔偏中性的发言，美元随之回落。鲍威尔表示，美联储对未来的加息仍将保持谨慎，以确保加息不会过快。经济数据方面，美国经济数据继续向好，欧元区继续承压。美国5月PPI同比3.1%，创2012年1月以来最大升幅，预期2.8%，前值2.6%；环比0.5%，预期0.3%，前值0.1%。欧元区4月工业产出环比-0.9%，预期-0.7%；欧元区一季度就业人数同比升1.4%，前值升1.6%；环比升0.4%，前值升0.3%。总的来说，目前美联储加息靴子落地，贵金属总体窄幅震荡，方向难明，但我们近期可以看到金银比价有所降低，可考虑做空金银比价。沪金1812区间270-275元/克，沪银1812区间3700-3850元/千克。　　操作上，沪金1812与沪银1812暂观望。(江露)　　沪铜期货　　宏观面，美联储如期加息，美联储如期加息25基点，更多官员预计年内加息四次，调升今年GDP预期。短期商品市场避险情绪有所缓解，有色板块小幅反弹。基本面看，短期Escondida铜矿薪资谈判进展顺利，铜矿供应担忧缓和，国内方面，近期上期所库存小幅下滑，现货端维持小幅贴水，下游按需采购为主。技术面，铜价上方54500-55000元/吨区域存在一定压力，短期上行动能有所减弱。操作上，沪铜1808合约前期多单逢高减持，未入场者观望。(江露)　　沪铝期货　　鉴于近期氧化铝价格呈现下滑，铝期价上行承压，后期需关注消费端运行情况，市场预期将逐步走弱，技术面，短期铝期价在15000元/吨附近压力明显，短期震荡偏弱概率较大。操作上沪铝1808合约轻仓短空为主，仓位5%以内，并设置止损。(江露)　　沪镍期货　　宏观面，隔夜美联储加息并发表鹰派声明，但美联储主席发言偏中性使得美元冲高回落，商品市场略受支撑。基本面，供给端，港口镍矿库存低位对镍矿价格有所支撑，环保对镍铁的限制因素仍在持续，镍铁价格维持高位，供给上整体趋紧。需求端，镍铁供应因环保受限致使电解镍需求增加，且下游不锈钢库存持续消化，但近期不锈钢价格高位回落对镍价支撑渐弱，下游需求仍然较好。总的来说，宏观面利多略占优势，基本片偏多格局未改，经过前期的上涨，预计短期镍价将宽幅震荡，沪镍1809区间114000-120000。　　操作上，沪镍1809若有前期多单建议减仓止盈，无单暂观望。(江露) 　　铁矿石期货　　各地环保限产持续影响下，钢厂高炉开工率上行受阻，且外矿发货量持续维持高位，叠加港口高基数库存，铁矿石短期仍然承压，但港口现货价格普遍上涨，成交较好，近期或仍以区间震荡为主。操作：I1809合约建议在460附近逢低买入，止损位设在455,470附近逢高止盈。(张贵川)　　钢材期货　　消息称镇江、常州等城市 6 月 11 日至 6 月 24 日，各大气管控单位限产 50%以上，环保督察“回头看”也已经启动，短期对钢厂产量造成暂时性的冲击，库存缩减，但需求淡季下游成交难以支撑钢价，仍可考虑逢高做空。RB1810合约建议暂且观望；HC1810合约建议空单继续持有，有效突破4000止损。(张贵川)　　焦煤焦炭期货　　受焦炭价格偏强运行支撑，焦煤现货高位维稳运行，环保压力下部分煤矿限产，焦煤供给紧张。焦炭现货价格高位持稳，部分地区焦企仍在限产之中，焦炭库存普遍较低，但双焦均处技术面的压力位，谨慎回调风险。操作：JM1809合约建议多单止盈，无单观望；J1809合约建议多单止盈，无单暂且观望。(张贵川)　　动力煤期货　　昨日夜盘郑煤09合约小幅下探后回升，实际上表明目前市场获利盘了结的意愿较强，但下方多头力量亦不弱。首先，监管预期仍在。目前沿海价格已经到了700高位，继续上涨易引来监管调控。其次，目前电厂日耗始终处于66-69区间，供耗维持平衡，对未来紧张程度的预期有所缓解。但目前基本面数据仍反倾向于高峰期将出现供需紧张问题，长期仍有冲高的支撑。因此，郑煤短期内维持高位震荡走势。　　操作建议：09合约多单可考虑部分逢高止盈；可考虑买01卖09进行跨期套利。(张贵川) 　　原油沥青期货　　消息面上，北京时间周四(6月14日)凌晨，美联储公布6月利率决议，宣布加息25个基点，政策声明指出，美联储预估显示2018年加息四次，加息进程加快或将提振美元走强。另一方面，IEA月度原油市场报告显示，预计2018、2019年全球石油需求增速为140万桶/天，预计2018年非欧佩克国家原油供应增速为200万桶/天；此外，美国能源信息署周三(6月13日)公布报告显示，截至6月8日当周，美国原油库存减少414.3万桶，高于市场预期的减少274.4万桶，但美国国内原油产量增加10万桶至1090万桶/日，连续16周录得增长。综合看，美联储加息进程有望加快或将提振美元走强进一步施压油价，同时美国原油产量增加令原油市场供给压力持续加大。沥青方面，华东华南地区库存处低位水平，供应偏紧仍对沥青价格有一定支撑。　　操作上，SC1809在470-475元/桶区间逢高做空，有效突破480元/桶止损；bu1812在3100-3150元/吨区间逢低做多，有效跌破3100元/吨止损。(李彦杰)　　橡胶期货　　美原油小幅反弹；东京工业品交易所(TOCOM)期胶主力合约周三收市价182.9日元/公斤；上期所天胶周三主力合约Ru1809前二十位多头持仓增加3153手至128630手，空头持仓减少1466手至168256手。橡胶1809合约周三晚间下跌100元至10875元/吨。主力合约Ru1809日K线大幅回调，成交量放大。　　操作策略：橡胶1809宽幅震荡，MACD绿柱放大，轻仓短空，空头止损设在11500。(胡丁)　　PTA期货　　美原油小幅反弹；PTA产出小幅提高；郑商所PTA周三主力合约TA809前二十位多头持仓减少12007手至295013 手，空头持仓减少22689手至354847手。PTA1809合约周三晚间上涨28元至5712元/吨。主力合约TA809日K线小幅反弹，成交量缩小。　　操作策略：PTA1809低位震荡，MACD绿柱收敛，轻仓短空，空头止损设在5800。(胡丁)　　玉米类期货　　临储拍卖最新公告：6月21-22日计划投放800万吨。本周继续计划投放802万吨，其中15年粮成主力，起拍价比14年高50元/吨。拍卖热度如预期降温，但两千多万吨的待出库量仍是短期主要供给压力。气象预报东北部分地区有强对流天气，关注今日400万吨临储拍卖情况。　　昨日全国玉米价格基本稳定。锦州港口新粮收购价1720元/吨，持平，其余港口价格不变。深加工厂收购价方面：河南驻马店下调10元/吨至1910-1930元/吨，其余各地价格稳定。　　期货市场，玉米09合约昨日收盘价为1756元/吨，上涨3元/吨，持仓量增2140手至60.9万手。玉米09合约在临储拍卖期间供大于求的基本面难改，偏空运行。长期供给缺口以及拍卖底价对玉米价格亦形成底部支撑。需求方面，南方降雨导致水产养殖需求复苏延缓，近期廉价芽麦替代作用明显，饲料需求仍疲软；淀粉企业库存高企，加工率虽维持高位，但下游旺季消费需求尚未凸显，观望为主。 　　昨日淀粉现货价基本稳定，山东部分地区微涨。原料玉米价格稳中缓跌，淀粉价格相对稳定。淀粉加工企业开机率维持在70%以上，然而库存依然连续走高。由于6月30日加工补贴期限将至，东北加工企业开机率居高不下，淀粉库存继续走高，供应充足。然而下游需求旺季不旺，短期库存难降。而受玉米拍卖底价支撑，淀粉价格亦难有大跌。昨日期价止跌回升，但基本面支撑不强追高需谨慎。盘面淀粉09-玉米09价回升至441，观望为主。(田亚雄) 　　白糖期货　　周三国内主产区糖厂出厂价普遍走低。广西产区报价5430-5600元/吨，下跌10元；云南产区报价5240-5300元/吨，低端报价下跌10元。全国大部分销区价格走低，交投不畅。　　郑糖继续前日跌势，大幅下挫，增仓6958手，总持仓量为59.2万手。夜盘维持震荡，收于5220.UNICA双周报提振，雷亚尔趋稳，美糖收涨于12.76。　　看跌预期致使终端消费者随行就市采购，未能有效提振郑糖旺季价格。基本面来看，本榨季产糖小幅超预期，产销进度不及去年，库存整体高企，同时国际糖市偏空运行，进口和走私冲击严重，替代品果葡糖浆旺季来临，走货转好，价差继续保持较强替代性，预计夏季需求高峰糖价依然难以得到有效提振。但随着糖厂资金面压力消除，跌势也难以持续，前期1809合约空单可逢低止盈离场。(牟启翠)　　苹果期货　　苹果昨日除03、05合约以外，全部创下新高。三天反弹1000点的市场行情使之再度成为商品市场的焦点。从基本面上来看，除了局部地区的冰雹天气以外，总体供需预期仍未改变，传言相关实体将在未来投入大量资金收购苹果，对市场有一定情绪激励作用。　　在1810触摸9600元/吨的情况下，期货盘面上我们仍建议维持逢低做多的思路。但当前价格已然不低，市场情绪也有转圜可能，因此建议未入场客户多看少动，观望为主；持有前期多单的投资者仓位较重的可以逢高止盈，仓位较轻的可继续持有。　　【风险提示】苹果期货价格近期波动剧烈且难以预测，投资者应清楚参与期货交易的相关风险，谨慎操作。(田亚雄) 　　棉花期货　　中储棉周三挂牌销售3万吨，实际成交1.11万吨，成交率为37%，平均成交价格折3128B级为16318元/吨。疆棉成交0.45万吨，成交率77%；地产棉成交0.66万吨，成交率为27%。　　周三现货市场小幅上涨，CNCottonA报16839，上涨5元；CNCottonB报16368，上涨1元。郑棉受USDA利多报告提振，盘中走高，重新站上了18000压力位，增仓42580手，总持仓量为79.7万手。夜盘震荡收于18105。郑纱追随郑棉，夜盘收于26600。美棉继续高位运行，震荡收于92.91。　　在供需关系未有改变的情况下，市场看涨情绪再次被利多的USDA报告和新疆天气点燃，但从未来进口有扩大的预期来看，短期上方压力较大。中长期来看，郑棉可能重回震荡走势，但国际棉市未来受库存走低支撑高位运行，使得进口成本难以降低。短期建议观望，不宜追多。(田亚雄) 　　鸡蛋期货　　今日北京主流价格3.43元/斤，大洋路到6车，到车较少，价格稳定偏强，但后期仍有压力；山东曹县到户价3.2元/斤，价格微涨，供需正常。端午之前，鸡蛋总体走货尚可，山东地区出现普涨；端午之后到中秋备货之前，现货价格将继续承受压力。　　期货盘面昨日先向下破位再强势反弹，尽管期货价格承受现货预期走低的压力，但无论是从当前存栏状况还是中秋历年来的价格走势上看，08、09合约的支撑都相对稳固，中长线可逢低布局多单，入场位置在4050元/500千克以下，轻仓进入，逢低加仓，价格大幅向上后可适当止盈，滚动操作。前期推荐做缩09-08价差的策略仍可继续持有。(田亚雄)　　油脂类期货 　　资讯：1、分析机构Informa Economics周三发布报告称，2018年美豆播种面积预计在8990.2万英亩，高于USDA 3月预期的8898.2万英亩。2、SPPOMA数据显示，马棕6月1-10日单产环比增9.23%，出油率增0.31%，产量增10.86%。　　交易日历　　上海期货交易所　　交易提示：　　上一交易日ru1809合约持仓超过16万手，按交易规则，今日上述合约交易保证金上调3%。　　上一交易日ru1901合约持仓超过12万手未超过16万手，按交易规则，今日上述合约交易保证金上调1%。　　上一交易日ni1809合约持仓超过36万手，按照交易规则，今日上述合约交易保证金上调2%。　　大连商品交易所　　交易提示：　　上一交易日v1808合约出现第1个涨停板，按交易规则，今日上述合约涨跌停板为8%，交易保证金上调3%。　　郑州商品交易所　　交易提示：　　上一交易日AP810-905合约未出现第2个涨停板，按交易规则，今日上述合约涨跌停板为5%，交易保证金按正常标准收取。　　上一交易日CY811合约出现第1个涨停板，按交易规则，今日上述合约涨跌停板为7%，交易保证金上调4%。                                            (责任编辑：DF318)"
"6月12日期市财经早餐：美联储6月加息将至 商品市场避险情绪升温","　　股指期货　　周一，两市震荡探底，上证指数跌0.47%，创业板跌1.34%，两市成交量大幅萎缩。盘面上资金继续抱团消费板块，以家用电器、食品饮料等为首的消费板块延续前期强势表现。期指方面，三大合约贴水明显收敛IHIC当月合约贴水收敛，IFIH次月合约贴水收敛。期指总持仓增加，目前总持仓107442手，较前日增加1535手。三大合约成交增幅明显，IH次月合约增仓最多，IFIC09合约增仓最多。移仓换月操作开始。从当月合约前20持仓数据来看，IH减持幅度最小期指。期指将于本周五交割。　　消息面上，独角兽基金首募日：销售额或至少200亿量级，招商基金领跑。英国制造业产出创近六来最大跌幅英镑短线跳水。　　指数开盘小幅走弱，随后在独角兽和CDR板块的带动下两市一度走强，午后指数全线回落，中小创跳水，沪指羸弱再创13个月新低。期指方面，移仓换月操作开始，IH次月合约增仓最多，IFIC09合约增仓最多。近期大型IPO频发，叠加CDR上市临近，对于市场本就不足的流动性造成打击。同时外部环境受到美联储加息与G7峰会散播的全球贸易保护情绪影响。期指建议短期观望为主，风格上仍偏向防御性的IF。(彭鲸桥)　　贵金属期货　　隔夜消息面整体较为平淡，贵金属呈宽幅震荡。英国4月工业产出大幅下滑，使得英镑回落，美元受支撑。意大利经济部长重申新政府无意退出欧元区，市场对欧元区担忧略有减弱。美联储6月议息会议即将开始，加息预期使得美元有一定支撑，美元近期易涨难跌。总的来说，目前贵金属呈震荡趋势，方向难明，关注美联储6月议息会议结果。沪金1812区间270-275元/克，沪银1812区间3700-3850元/千克。　　操作上，沪金1812与沪银1812暂观望。(江露)　　沪铜期货　　宏观面，本周美联储6月加息将至，商品市场避险情绪升温，基本金属呈现震荡偏弱。伦敦金属交易所3月期铜收涨0.81%，报7222.0美元/吨；3月期铝收跌0.04%，报2309.0美元/吨。国内方面，短期无进一步消息刺激，近期官方公布的中国5月PPI环比由降转升，5月进出口数据均超预期，投资者信心受到一定提振。沪铜1808收跌0.57%，报53940元/吨；沪铝1808收跌0.17%，报14890元/吨。基本面分品种看，Escondida铜矿工会方面近期表示，新劳动合同的达成正向有利的方向发展，短期铜矿供应担忧缓和，昨日LME铜库存下降7575吨至299500，现货端呈现升水结构，国内方面，近期上期所库存小幅下滑，现货端维持小幅贴水，下游按需采购为主。技术面，鉴于目前铜价逐步触及上方压力区域，勿盲目追高。操作上，沪铜1808合约前期多单逢高减持，未入场者观望。(江露)　　沪铝期货　　宏观面，本周美联储6月加息将至，商品市场避险情绪升温，基本金属呈现震荡偏弱。伦敦金属交易所3月期铜收涨0.81%，报7222.0美元/吨；3月期铝收跌0.04%，报2309.0美元/吨。国内方面，短期无进一步消息刺激，近期官方公布的中国5月PPI环比由降转升，5月进出口数据均超预期，投资者信心受到一定提振。沪铜1808收跌0.57%，报53940元/吨；沪铝1808收跌0.17%，报14890元/吨。基本面分品种看，6月11日，SMM统计国内消费地铝锭库存(含SHFE仓单)消费地铝锭库存合计194.7万吨，环比上周四减少3万吨。近期氧化铝价格呈现下滑，后期需关注消费端运行情况，市场预期将逐步走弱，技术面，短期铝期价在15000元/吨附近存一定压力，暂维持震荡观点。操作上，沪铝1808合约暂时观望。(江露)　　沪镍期货　　宏观面，隔夜缺乏消息刺激，市场因美联储加息预期使得美元略有走强，商品市场承压。基本面，供给端，环保对镍铁的限制因素仍在持续，镍铁价格维持高位，且电解镍库存仍在下降，供给上整体趋紧。需求端，镍铁供应受限致使电解镍需求增加，且下游不锈钢库存持续消化，不锈钢价格仍处近期高位，但较前几日高点略有回落，下游需求仍然较好。总的来说，宏观面利空略占优势，基本片偏多，但目前市场对基本面利好已消化完毕，镍价有所回调。预计短期镍价将宽幅震荡，沪镍1809区间112000-118000。　　操作上，沪镍1809若有前期多单建议减仓止盈，无单暂观望。(江露) 　　铅锌期货　　基本面，锌TC加工费低位冶炼商利润收窄，因此部分炼厂进入检修，锌价面临下方成本支撑。5月精炼锌产量42.31万吨，环比加好4.83%，同比0.81%，锌增量较少，短缺观点不变预计锌价上行概率较大。铅，5月原生铅25.05万吨，环比3.67%同比-14.1%。河南受环保回头看原生铅受影响较大，维持铅供应短缺观点，预计铅价大概率走高。 　　策略：铅锌基本面向好，锌1808合约日内运行区间23900-25100；铅1808合约日内运行区间19800-21000。操作上，铅建议多单继续持有；锌1808合约建议24500-23900区间低吸高抛为主。(江露) 　　钢材期货　　目前高利润驱动高产量的逻辑仍然没有发生改变，但限产政策轮番上阵，环保督察回头看也已经启动，再次推升钢坯价格，轧钢企业因利润收缩，大概率会降低产量提价，但恰逢需求淡季，下游成交难以支撑，仍可考虑逢高做空。 RB1810合约建议空单有效突破3800止损；HC1810合约建议在3950-4000区间做空，有效突破4000止损。(张贵川)　　原油沥青期货　　消息面上，路透报道，5月欧洲原油库存为4.8662亿桶，较4月增加0.8%，同比减少2%。同时，外媒报道称，沙特将告知OPEC，5月份OPEC石油产出环比增加16.2万桶/日，达到1003万桶/日的水平。此外，俄罗斯方面周六表示，该国6月初原油产量已经升至1100万桶/日，而5月产量位于1100万桶/日略微下方。综合看，欧洲原油库存环比回升令当前原油市场供需平衡恢复再现隐忧，同时沙特与俄罗斯产量增加令增产预期持续升温。沥青方面，华东山东地区主营炼厂开工大幅降低，供应偏紧支撑沥青价格坚挺；此外，进口沥青价格高涨，也对国内沥青价格形成有效支撑。　　操作上，SC1809背靠475-480元/桶区间逢高做空，有效突破480元/桶止损；bu1812在3150-3200元/吨区间逢低做多，有效跌破3150元/吨止损。(李彦杰)　　橡胶期货　　美原油小幅反弹；东京工业品交易所(TOCOM)期胶主力合约周一收市价185.0日元/公斤；上期所天胶周一主力合约Ru1809前二十位多头持仓增加552手至125780手，空头持仓减少2702手至171232手。橡胶1809合约周一晚间上涨0元至11405元/吨。主力合约Ru1809日K线小幅反弹，成交量缩小。　　操作策略：橡胶1809宽幅震荡，MACD绿柱放大，观望为主，等待突破跟进。(胡丁)　　PTA期货　　美原油小幅反弹；PTA产出小幅提高；郑商所PTA周一主力合约TA809前二十位多头持仓减少11822手至306246 手，空头持仓减少11146手至364781手。PTA1809合约周一晚间上涨36元至5720元/吨。主力合约TA809日K线小幅反弹，成交量放大。　　操作策略：PTA1809低位震荡，MACD绿柱收敛，轻仓短空，空头止损设在5800。(胡丁)　　玉米类期货　　本周继续计划投放802万吨，其中15年粮成主力，起拍价比14年高50元/吨。上周总计拍卖成交342.59万吨，成交率42.99%。拍卖热度如预期降温，但两千多万吨的待出库量仍是短期主要供给压力。天气方面：气象局预报东北地区12-15日将先后有中到大雨，局地有暴雨甚至雷暴大风或冰雹等强对流天气。降水利于土壤墒情，关注局部地区气象灾害。　　昨日全国玉米价格稳中缓跌。锦州港口新粮收购价1720元/吨，下跌10元/吨，漳州港口成交价格1830-1840元/吨，下跌20元/吨，南通港口成交价格1800-1860元/吨，下跌10元/吨，其余港口价格不变。深加工厂收购价方面：山西大同上调20元/吨至1900元/吨，山东诸城下调4元/吨至1860元/吨，其余各地价格稳定。　　期货市场，玉米09合约昨日收盘价为1753元/吨，下跌2元/吨，持仓量减27732手至61.7万手。持仓量成交量双降，玉米09合约在临储拍卖期间供大于求的基本面难改，震荡走弱。拍卖虽呈逐步降温趋势但随着拍卖粮后期集中出库，供给压力不小。而拍卖底价抬升以及长期供需缺口对期价仍有底部支撑。观望为主。 　　昨日淀粉现货价基本稳定，山东潍坊微涨。原料玉米价格稳中略跌，淀粉价格相对稳定。淀粉加工企业开机率维持在70%以上，然而库存依然连续走高。由于6月30日加工补贴期限将至，东北加工企业开机率居高不下，淀粉库存继续走高，供应充足。然而下游需求旺季不旺，短期库存难降。玉米成本降低，09合约随之震荡走弱。盘面淀粉09-玉米09价回升至423，前期做空加工利润持仓获利止盈。(田亚雄)　　郑麦期货　　农村农业部消息：夏粮收获，面积稳中略减，单产持平略减。市场紧缺的优质强筋、弱筋小麦面积占30%。国家粮油信息中心公布报告显示：2018年预测小麦种植面积2383万公顷，同比降0.7%；产量1.2673亿吨，同比降2.3%。目前正值小麦收获季节，河南局部地区雷阵雨天气造成数万亩麦子出现倒伏。雷暴大风等强对流天气影响小麦收割。南阳农田普遍积水，小麦大面积倒伏，短期内机器无法收购，部分地区生芽、降等、霉病。前期倒春寒影响以及收割期天气不佳大概率导致今年小麦减产。普麦现货价格普涨，农民惜售，市场抢购。新粮质量参差不齐，优粮优价。期货市场，昨日郑麦收盘价2616元/吨，上涨25元/吨。主产区河南等地近日大面积受灾严重影响新麦产量和质量，消费端对新季强麦刚性需求支撑期价。短期上行趋势明显，可逢低做多，关注主产区天气以及新麦质量情况。(田亚雄) 　　白糖期货　　周一国内主产区糖厂出厂价普遍走低。广西产区报价5460-5630元/吨，下跌10-30元；云南产区报价5270-5300元/吨，低端报价下跌30元。全国部分销区价格走低，终端用户按需采购为主。　　郑糖低位震荡，减仓28350手，总持仓量为60.3万手。夜盘维持震荡，收于5286。一改弱势的雷亚尔继续提振美糖价格，加上印度国内糖价高于全球价格，大量出口的可能性不高，美糖收涨于12.43。　　看跌预期致使终端消费者随行就市采购，未能有效提振郑糖旺季价格。基本面来看，本榨季产糖小幅超预期，产销进度不及去年，库存整体高企，同时国际糖市偏空运行，进口和走私冲击严重，替代品果葡糖浆旺季来临，走货转好，价差继续保持较强替代性，预计夏季需求高峰糖价依然难以得到有效提振，逢高在5日均线附近试空，上涨突破5400止损。(牟启翠)　　苹果期货　　资金撤离，苹果合约持仓量大幅萎缩。07合约站上10000点，显示当前可交割苹果数量存在不足。主力合约仍受到交割中风险因素的压制，反弹力度有限，远月合约则收复周五约半数跌幅。　　在基本面没有改变的情况下，当前苹果操作上仍然不建议追空，适当观望，等待市场情绪缓解后再进行操作。我们仍然建议在仓单成本线下逢低做多，但短期趋势中，不宜逆势而行，下方支撑在10合约8500一线，上方空间在05合约12000一线，建议选择远月合约进行操作。苹果震荡幅度较大需严格进行仓位控制，投资者应注意风险。(田亚雄) 　　棉花期货　　美棉周度作物报告公布：美棉优良率为42%，低于去年同期的66%；种植率为90%，与去年持平；现蕾率为15%，高于去年同期9%。　　中储棉周一挂牌销售3万吨，实际成交1.17万吨，成交率为39%，平均成交价格折3128B级为16449元/吨。疆棉成交0.75万吨，成交率77%；地产棉成交0.42万吨，成交率为21%。　　周一现货市场小幅走低，CNCottonA报16835，下跌14元；CNCottonB报16368，下跌13元。郑棉宽幅震荡，盘中拉升收涨，增仓21324手，总持仓量达72.9万手。夜盘盘中直线滑落，收于17655。郑纱继续紧跟郑棉，收于25870。市场静待USDA月度报告，美棉大幅波动，冲高回落收于91.83。　　短期多空交织的格局令市场的走势显得并不明朗，但中长期来看棉市将继续回归慢牛格局，产销缺口继续显现：印度传来中国大量购买150万包新棉作为下一年度轮入储备棉的消息，印证了国储库存偏低的事实，预计未来国内产销缺口弥补来源逐渐转移到进口上，但国际棉市未来受库存走低支撑高位运行，使得进口成本难以降低。短期受抛储限令，叠加上风控规定调整及进口政策改变，短期走势不明朗，建议观望。(田亚雄) 　　鸡蛋期货　　今日北京主流价格3.43元/斤，大洋路到7车，到车较少，价格稳定，但后期仍有压力；山东曹县到户价3.18元/斤，价格企稳，供需正常。鸡蛋总体走货一般，现货价格在中秋备货期来临之前现货市场都将继续承受压力。　　现货价格下行，期货盘面提前触及震荡区间下沿。现货弱势的情况之下，期货价格同样承受压力；然而无论是从当前存栏状况还是中秋历年来的价格走势上看，08、09合约的支撑都相对稳固，中长线可逢低布局多单，入场位置在4050元/500千克以下，轻仓进入，逢低加仓。前期推荐做缩09-08价差的策略仍可继续持有。(田亚雄) 　　豆类期货　　隔夜因为中西部地区出现大范围的降雨过程，提振近来播种的大豆产量前景，美豆延续弱势回落，其中07合约收低15.5美分，报收于953.75美分/蒲式耳；豆一09合约收低3点至3573元/吨；豆粕09合约收低14点至2894元/吨。近期美国天气良好，美豆继续承压，但美国农业部将于周二发布的6月份供需报告，市场预计期末库存有下降，预计报告偏利多，价格在950附近或有反弹整理，但我们认为在贸易战市场担忧背景下，反弹空间有限，后期仍关注美国的征税态度及6月15日清单公布时间点。国内现货困难，基差一降再降，国内买船的退订恰好是现货压力的真实反应。叠加未来几月进口大豆到港充裕，基本面压力难消，粕价维持弱势下探走势。建议豆一09合约空单在3530下方适量止盈，空仓可顺势短空，破3640止损；豆粕09合约空单在2830下方适当止盈，空仓可背靠2930线试空，破2960止损。(牟启翠)　　　　交易日历　　上海期货交易所　　交易提示：　　上一交易日ru1809合约持仓超过16万手，按交易规则，今日上述合约交易保证金上调3%。　　上一交易日ru1901合约持仓超过12万手未超过16万手，按交易规则，今日上述合约交易保证金上调1%。　　上一交易日ni1809合约持仓超过36万手，按照交易规则，今日上述合约交易保证金上调2%。　　郑州商品交易所　　交易提示：　　上一交易日AP810-905、合约未出现第2个跌停板，按交易规则，今日上述合约涨跌停板为5%，交易保证金按正常标准收取。　　上一交易日RM1808合约未出现第2个跌停板，按交易规则，今日上述合约涨跌停板为5%，交易保证金按正常标准收取。                                            (责任编辑：DF318)"
"硅铁：短期呈盘整态势运行","　　硅铁：短期呈盘整态势运行 　　1、基本面：当前硅铁供能仍处高位，而短期内市场或难寻新的有力支撑，对于当前市场采购需求相对供应还是较少；偏空。 　　2、基差：现货价格6600，基差-16，现货小幅贴水期货；中性。 　　3、库存：仓单460张，16100吨，目前厂家普遍暂无库存压力；偏多。 　　4、盘面：20日线向上，期价在20日线下方运行；中性。 　　5、主力持仓：主力持仓净空，空减；偏空。  　　6、结论：市场供需格局依旧是制约硅铁价格变动的主要因素，短期而言，硅铁或呈盘整态势运行。硅铁1809:6400-6700区间操作。                                            (责任编辑：DF318)"
"11日期货早盘攻略：苹果、豆粕成交大幅增加","　　宏观&大类资产　　宏观大类：关注本周市场对于波动率的抬升　　今年前五个月的市场叠加着上周美国监管层对于金融领域的放松窗口开启，进一步确认了此前我们对于美国经济走向过热的判断。在这一情况下，中期内价格上升的压力将成为大概率的事件，而叠加着新兴市场风险和欧洲风险对于全球套利资金的向美国市场驱赶，这种压力到来的时间点可能提前。5月美元反弹背景下美元流动性的阶段性宽松间接暗示了资金流向美国市场的可能。　　在美国经济过热的背景中，价格上行的路径值得进一步探讨。我们注意到在欧洲一季度经济表现并不尽如人意(欧央行认为是临时性表现)，而意大利等国CDS大幅攀升、德银估计大幅下挫的情况下，欧央行依然向市场释放退出QE的政策预期，似乎释放了欧元流动性收紧风险可控的预期。如是，在欧元阶段性因为风险释放之后企稳的过程中，对于未来欧元来说构造了低位入场的机会；否则，这种风险的出清增加了欧元区的不确定性，市场短期流向美元资产的概率继续增加，而过热的经济中利率的继续上行同时抬升了美元资产的波动率中枢。　　大类资产配置展望：　　股指：央行增加抵押稳定流动性的预期阶段性改善了风险偏好。截止5月经济数据的依然相对乐观增加了市场在信用风险继续释放过程中的乐观，CDR基金的设立继续改变着市场的市场组合预期，但是新兴市场货币风险的扩大部分抬升了市场对于A股的风险溢价，期指上周呈现先扬后抑的特征。关注本周欧美央行议息会议，外围市场的利率上行预期料增加了国内估值在低位继续调整的可能。　　国债：货币政策的边际放松继续抬升了市场对于利率的正向预期。违约风险陆续增加的环境中，信用继续收紧的预期逐步放松带动了利率回落预期；但是外围市场利率的延续上行预期增加了国内利率下行的阻力。自我们发布报告“短期做陡空间不大”以来，在国内经济上行预期收敛的带动下期限利差继续收窄，显示出市场对于未来的乐观继续下调。预计利率高位震荡的模式仍将延续，触发因素仍在酝酿中。　　贵金属：央行货币政策的可能改变增加了利率阶段性上行的风险。而叠加着经济乐观指数回落的影响下，预计增加贵金属的避险需求(金强银弱)，我们不排除美元和黄金阶段性通胀的可能性。中东的风险值得进一步关注，临近月末OPEC会议，上述影响因素料对于市场的通胀环境形成新一轮的方向影响。　　策略：增加黄金或波动率资产的配置　　风险点：美国经济数据超预期回落　　贵金属：预期的货币政策拐点料将到来　　上周金银如期反弹。美国经济过热风险继续增强的情况下，市场对于美国通胀预期进一步上升；而外围市场来看，随着市场对于美元资产的配置增加，新兴市场等资金面临越来越大的流出压力，从此前的阿根廷、土耳其，到现在的印尼、印度货币压力逐渐上升，提升了市场在全球经济分化预期增加的情况下对于黄金的避险偏好。　　本周是风险事件云集的一周。14日从凌晨的美联储到下午的欧央行，15日的日本央行，都将展开年中的议息会议，截止到目前汇总的央行预期显示，美联储将如期加息25BP而将美联储的货币政策框架从危机状态转向正常状态；欧央行可能宣布未来退出QE的计划，而日本央行也可能在美日利差扩大下增强对日元的干预。货币政策的可能出现方向性变化预计将继续抬升外汇市场波动率(从此前的新兴市场过渡到发达市场)，从而增加市场的避险情绪。　　策略：反弹，关注主要央行货币政策变化　　风险点：油价大幅走低　　中国宏观经济：金融扩大开放，关注美欧议息会议　　金融方面预计短期外汇储备规模仍有下滑空间；贸易方面预计进口增速仍有望保持较快增速，而在出口方面短期不必太悲观；通胀方面，预计6月CPI增速略有提升，PPI仍有上行空间。本周银保监会公布了银行业开放措施，银行业的开放可以通过引资增强中资银行的资本实力和流动性，又可以借鉴外资经验提升中资银行的经营管理和风险控制水平，提振国际市场对我国银行业整体的信心。未来三周时间内，证券等金融行业的开放值得期待。周四将举行美欧议息会议，未来需要关注美联储从危机政策中的走出以及欧日央行从宽松中的退出对于全球货币流动性形成的再次冲击，短期来看还需关注美欧议息会议中可能存在的变化对于强劲的美元指数后续的支撑程度。　　策略：无　　风险点：地缘政治冲突，贸易冲突 　　金融期货　　金融期货：关注本周议息会议　　国债期货：关注央行行动　　基本面方面，从PMI、出口、PPI以及高频数据来看，5月乃至6月的经济表现可能环比改善，但是目前由于融资数据以及地产中的销售、资金到位等较为重要的领先数据表现不佳，融资收缩的主逻辑无法证伪。此外，当前的通胀水平对长期利率难以构成压力，由于今年通胀中枢抬升的预期大多已被市场定价，通胀走高对市场的影响程度或弱于通胀低于预期的影响。短期来说，本周需要关注的是美联储议息会议以及央行的行动。联储本周加息似乎已经成为板上钉钉的事情，对于国内来说，目前中美利差仍处于历史较低位置，央行或将跟随美联储加息，放量提价政策或将延续，对利率债有短期负面影响，但预计并不影响趋势。综合来说，主逻辑未被证伪的情况下，难言趋势扭转，对应当下，投资者对于降准预期的阶段性落空导致利率债近期出现调整，但债市无需过虑，长端利率下行仍是最小阻力方向。　　策略：短期谨慎后期关注逢低介入机会　　风险点：经济环比反弹　　股指期货：防范市场风险　　上周由于央行宣布扩大抵押品范围到接受AA+、AA级债券，有利于引导市场的融资功能恢复，提高市场风险偏好，股市出现连续的反弹。但是直到上周五，G7内讧升级，亚洲股市集体跳水，股指出现大幅回调，和我们此前预期一致股指仍尚未摆脱底部震荡格局。综合来说，市场的下跌是由风险积聚造成的。从近期积聚的风险主要有国内风险和海外风险两类。国内风险主要是在经济出清的过程中，信用风险逐步暴露引起的，特别是债券违约事件对市场情绪的影响。从海外风险来看，美联储6月加息是大概率事件，这是制约包括A股在内的全球风险资产估值高度的核心因素。全球贸易冲突又增添了变数，引发市场动荡。短期行情仍将会维持弱势震荡的运行节奏，认同指数目前已经处于底部区域，但预计后续打破当前A股胶着格局的或在于信用方面的边际变化以及海外风险的改善。预计目前A股仍然处于反复磨底阶段，趋势性行情可能性较小。　　策略：短期仍处反复磨底阶段　　风险点：估值修复超预期　　原油&成品油　　原油：关注INE SC主力合约换月情况　　全球即将迎来夏季出行高峰，炼厂复工将提振原油需求，且炼厂总体加工利润偏高，此外受到库欣低库存的制约，我们认为两油价差进一步拉大的空间有限，近期需要关注委瑞内拉局势影响　　策略：多SC空Oman或多SC空Brent　　风险点：巴士拉OSP大幅下调　　沥青：现货涨幅或已受限　　现货端价格偏强走势支撑了期价的走强，上周四收盘价较周初上涨2.32%，主力1812合约上周五下午收盘报收3192元/吨，较前一日结算价下跌48元/吨。目前沥青期货价格上行受到下游供给端提价的支撑，但继续上涨短期受到油价回调的压制，沥青基本面本月内在国内外供给收缩的影响下相对强于面临增产压力和汽油需求或不及预期的原油市场。　　根据彭博援引普式能源的报道，委内瑞拉国家石油公司PDVSA已告知8家主要原油买家，其将无法在6月份全面兑现149.52 万桶/天的供油承诺，预计将减少至 69.4 万桶/日。我们的观点是委油收紧是大概率事件，但考虑海上运输时间，影响在7月份之后，并不是导致目前沥青供应偏紧的主要原因。　　策略建议及分析　　建议：等待期价短线回调后，做多1812合约。　　风险：委内瑞拉局势冲击油价减产联盟恢复原油产量　　有色金属　　铜：供应干扰尚未结束，需求转淡程度暂不严重　　当周走势：6月4日至6月8日，铜价格整体上涨。　　现货市场方面，上周现货整体由升水转成贴水，并且贴水幅度有所扩大，不过，因期限结构，特别是远期合约升水的扩大，套利买盘成为市场的核心支撑力量，现货贴水难以进一步扩大。　　上周，LME库存整体有所下降，下滑主要集中在欧洲和亚洲仓库，美洲仓库有所回升，主要是LME和COMEX之间的套利引发。　　上期所库存整体下降，受到国内精炼铜冶炼以及再生冶炼厂环保干扰，预估6月精炼铜产量或受到一定的影响，在冶炼产能受干扰的情况下，铜精矿加工费上周再度小幅扩大。　　据最新消息，目前BHP正在审视工会给出的奖金以及加薪提议，双方都有达成目标的期望，近期将再次会面。但是在最终协议达成之前，继续会对铜价格有一定支撑。　　产量方面，2018年5月SMM中国精铜产量为74.73万吨，环比增加1.29%，同比增加19.57%，1-5月累计产量为360.36万吨，同比增长13.4%。因环保及部分铜炼厂设备故障及检修，SMM预计6月中国精铜产量较5月减少至72.89万吨，环比减少2.46%。　　进口方面，中国5月进口476,000吨未锻轧铜及铜材，为2016年12月以来最高水平；高于上月的44.2万吨，主要是此前进口窗口接近打开，不过，近期进口亏损幅度扩大，因此预估后期进口将受到抑制。　　5月铜精矿进口环比增加有限，因此，整体产量方面此前弹性已是近期高点。　　下游需求方面，据SMM调研数据显示，5月份铜杆企业开工率为80.42%，同比增加5.88个百分比，环比下降3.29个百分比。预计6月铜杆企业开工率为78.61%。　　综合情况来看，全球范围内供应的干扰比较集中，并且对冶炼环节影响更大，智利铜矿谈判尚未落地，因此供应方面依然对铜价格有一定支撑；需求方面逐步转入淡季，但目前转淡的程度还不是很严重，因此，铜价格在经过大涨之后，本周或以震荡为主。　　策略：偏强格局　　风险：供应缓解　　锌铝：锌大涨后下游需求转弱铝政策出台预期增强　　锌：国内外社会库存仍然处于历史相对低位，锌价大涨后，国外现货升水仍在扩大，而国内现货跟涨略显乏力。6月仍有较多冶炼厂检修，预计07合约逼仓风险仍较大。需求方面，下游镀锌企业产能利用率再度下滑，锌锭库存较上周增加，锌锭由升水转为贴水，后期需关注锌保税区累积库存清关流入情况以及6月份锌消费情况，若届时国内库存再度累积，则锌价仍有下跌空间。下半年为国外锌矿投产高峰期，我们维持对锌矿供给的恢复预期，中线偏空。　　策略：建议暂时维持观望。　　风险点：下游消费超预期好转。　　铝：国内方面，由于自备电厂整治落实可能性偏大，电解铝成本支撑可能将得到强化，预计短期国内铝价下跌空间不大。目前国内库存下滑幅度较大，亦支撑国内铝价。当前内外盘比值重心再度上移，国内铝材出口盈利丰厚，前5个月铝及铝产品出口增速创下近2年新高，未来铝材出口或加速国内去库存速度。但三季度为国内电解铝投产高峰期，叠加当前铝厂利润扭亏为盈，或加速电解铝投放速度，铝价上行亦有一定阻力。　　策略：逢低做多。关注库存变动及国内新投产进程。　　风险点：海外政治事件反复，新增产能超预期释放。　　镍：镍价对供应较为敏感，未来供应有三条路径　　6月4日至6月8日，上期所镍价整体冲高回落。　　精炼镍方面，上周，LME库存降低8600余吨，总量降低至27.9万吨，上周五库存虽然小幅增加，不过，整体上是入库大于出库导致，出库量依然比较大。　　上期所镍仓单和库存则延续继续下降格局，上周精炼镍进口亏损幅度有所扩大，继续阻碍　　精炼镍进口。　　镍铁镍矿方面，上周镍铁整体补涨，当前镍铁对镍价折价幅度回归，镍铁产量受到环保的限制，另外，港口镍矿库存环比大幅减少，预估镍矿价格或小幅补涨。　　不锈钢方面，8日，不锈钢价格再度下降。　　由于本轮镍价的主要驱动力量是供应，因此，镍价对供应较为敏感，而我们总结未来影响供应的因素大致有三个方向：　　1、隐性库存的回流：　　截至2018年6月初，库存已经下降至28万吨下方；距离2015年46万吨的高点已经下降39%。市场一度怀疑库存的快速下降是否存在显性转为隐性的可能，我们的研究认为，库存的下降，主要是精炼镍自身出现供需缺口，虽然在此过程中，存在显性转为隐性的可能，但从计算结果来看，大约只有4-5万吨左右。因此，隐性库存的回流对于镍价的阻力力量是有限的。　　2、停产企业复产：　　昆士兰镍资源资源公司6月6日发表声明称，公司已经批准了重启Townsville附近的冶炼设施的计划；这意味着2015-2016年期间停产的企业开始逐步进入复产阶段。根据我们的统计，此前最大的关停产能大约为13万吨，其中Queensland占据46%。即便这些产能均复产，最终也难以使得全球精炼镍供需平衡的改变，但会阻碍镍价的上涨步伐。　　3、湿法镍冶炼产能的投放：　　通过湿法冶炼的方式，从红土镍矿提取镍的中间体，成为未来硫酸镍或精炼镍供应的预期核心来源，按照现有湿法产能的综合情况，平均现金成本大约在10-11万元/金属吨。但是湿法冶炼投资成本巨大，尽管部分企业努力尝试改进，但是仍然难以回避高达40万元/吨的初始投资成本。面对高额的投资成本，生产企业便面临两难选择，如果不投产，则镍价上涨的格局维持，而如果大规模投产，镍价则从牛市转成熊市，投资成本难以收回；我们认为，当前的镍价之下，暂时不支撑较大规模的湿法镍冶炼产能投放。　　综合情况来看，停产企业的复产一定程度上使得供应紧张的预期有所舒缓，但是停产企业复产是个逐步过程，而按照当前的去库存速度，越晚复产实际上影响力越小，整体上，除非湿法冶炼大规模投放，镍价的回升格局难以改变，企业复产和隐性库存回流对于镍价的打压力量有限，短期镍价或以高位震荡为主，但趋势格局不变。　　策略：趋势不变　　风险：湿法冶炼产能投放　　黑色建材　　钢材：供求仍偏紧，期价高位盘整　　上周黑色品种成材走高原料盘整，螺纹钢、热轧卷板在环保及MLF扩容影响下继续走高，周内螺纹钢1810合约涨1.93%，热轧卷板1810合约涨0.90%。现货市场上，钢材周内价格震荡上扬，较前一周小幅上涨，唐山本地及昌黎普方坯主流出厂3680元/吨，较上周五涨10元/吨；上海螺纹钢现货涨60元/吨至4110元/吨，涨幅1.48%，期现价差小幅收窄。　　宏观层面分析，国内MLF扩大抵押品范围，6月美联储加息概率大，国内降准预期仍在，地产基建增速下滑。欧洲存在一定风险。　　钢材基本面分析：　　供给：全国高炉开工率71.41%环比降0.41%，产能利用率79.77%环比降0.88%。新增检修高炉5座，复产高炉2座，本周大高炉检修个数增加，叠加华东区域限产，铁水产量小幅下降。螺纹周度产量309.47万吨，较上周减1.11万吨；热卷产量336.19万吨，较上周减4.67万吨。　　需求：本周上海线螺采购量30429吨，较前值下降25.24%，需求仍处在偏高水平。从贸易商建材成交日度数据来看，本周日均值17.35万吨，较上周下降2.35万吨，5月日均为19.47万吨。5月份钢材出口量为688.3万吨，相比上月上升40.3万吨，较去年减少10万吨。　　库存：上周钢材库存较前值减少49.99万吨。螺纹钢社会库存减少24.88万吨，厂库减少4.45万吨；热轧社会库存下降1.24万吨，厂库增加1.82万吨。　　观点： 　　钢材库存从年初历史新高，降至目前连续两周近年同期最低，同时粗钢产量也创出新高，可以认为消费远超预期。消费持续性虽有分歧，但在库存未能重新累积之前，钢价仍将保持强势。只是下周有美联储加息，美方公布关税清单等多个事件冲击，风险较大，预计钢价维持高位盘整为主。　　本周策略： 　　策略：谨慎投资者可暂时观望。　　套利方面：　　1、跨期套利：螺纹钢买1810合约抛1901合约　　2、跨品种套利：买螺纹1810合约抛热卷1810合约　　风险点及关注点：　　1、政策影响终端用钢需求；2、环保限产政策执行力度；3、下游终端行业用钢需求的表现。4、美联储加息。　　铁矿石：矿企爆炸影响，价格略有提升　　上周黑色品种成材走高原料盘整，螺纹钢、热轧卷板在环保及MLF扩容影响下继续走高。周内螺纹钢1810合约涨1.93%，热轧卷板1810合约涨0.90%。原料端铁矿石受矿企爆炸影响略有走高，上周以震荡上扬为主，铁矿1809涨1.52%，减仓9.3万手。　　现货市场上，周初在钢价走强、矿山爆炸影响下大幅拉涨，周末有所回落，整体小幅上扬。Mysteel进口矿港口现货62%澳粉指数469，环比上周涨10；Mysteel62%澳粉指数报65.1，环比上周涨0.6。　　宏观层面分析，国内MLF扩大抵押品范围，6月美联储加息概率大，国内降准预期仍在，地产基建增速下滑。欧洲存在一定风险。　　矿石基本面分析：　　供给：北方港口到港量826.3万吨，环比减少235.8万吨；澳巴铁矿发货总量略增，发货2544.0万吨，环比增加18.9万吨。　　需求：全国高炉开工率71.41%，环比下滑0.41%；上周45港口日均疏港量275.52，较上周五降10.33，处于正常水平。　　库存：铁矿石港口库存15914.61万吨，较上周五降125.55万吨。钢厂铁矿石可用天数25.5天，较上周持平。　　观点： 　　矿山爆炸影响应有限，除非出现全国性检查。铁矿自身基本面依旧乏善可陈，只是钢材利润对其有托底，仍维持区间震荡思路。下周有美联储加息，美方公布关税清单等多个事件冲击，风险较大，关注汇率变动对铁矿的影响。　　本周策略： 　　策略：谨慎投资者可暂时观望。　　风险点及关注点：　　铁矿石：1、贸易争端再度引发系统性风险；2、环保限产超预期；3、矿山发货量超预期；4、关注钢厂采购偏好；5、美联储加息　　焦炭焦煤：环保抑制供给，淡季煤焦现货价格保持涨势　　观点：上周焦炭焦煤1809合约双双探底回升，走势弱于钢矿期货。上周焦化企业提出第七轮上涨后，焦化企业总体开工率小幅上升。下游方面，螺纹钢社会库存下降速度仍旧较快，厂内库存也继续下降，钢材价格震荡上涨。当前环保对黑色供给有一定影响，使得淡季需求下降背景下现货价格保持涨势，预计焦预计后期煤焦期货或维持震荡上涨格局，建议继续持有低位焦炭、焦煤1809合约多单。套利方面，焦炭、焦煤1809合约比价回落至1.65左右，建议买焦炭抛焦煤1809合约套利组合减仓持有。　　现货情况：上周焦炭市场大幅上涨，焦化企业完成第七轮涨价。澳洲煤价格连续上涨，上周中挥发焦煤上涨至193.75美元/吨，折算成人民币1482元/吨。蒙古炼焦煤价格持稳，上周入境车辆大幅下降至500辆/天左右，主要是因为口岸做临时性调整，控制进车辆。　　价差情况：日照港准一级冶金焦价格上涨至2200元/吨，8日收盘焦炭主力1809合约期现价差为-125元/吨左右，近期普氏京唐港澳大利亚中等挥发焦煤价格高于山西煤，低于蒙古煤，8日收盘焦煤主力1809合约期现价差在平水左右。(与山西煤价差)　　周度供需和库存数据：上周焦炭四大港口库存下降9万吨至356万吨，港口焦炭库存继续下降，贸易商拿货谨慎出货情绪高。上周炼焦煤港口库存下降6.6万吨至230.5万吨，焦受澳洲铁路运输问题、国内炼焦煤价格上涨影响，海运煤价格也在上涨，目前国内采购暂持观望。上周钢厂及独立焦化企业炼焦煤库存小幅下降，钢厂采购意愿较强，带动炼焦煤价格上涨。上周独立焦化企业总体开工率下降，主要是内蒙、山东地区开工下滑。上周全国高炉开工率小幅下降至71.11%，连续两周下降。上周南方地区降雨增多，钢材成交数据小幅下降，钢材社会库存下降约40万吨，降幅大于同期水平。　　本周策略：以高位偏强震荡思路对待，低位多单继续持有。套利方面：买焦炭抛焦煤1809合约减仓持有，焦炭买1809合约抛1901合约套利继续持有。　　风险点：各限产城市钢厂及焦化企业限产执行情况，钢厂补库力度，蒙古进口炼焦煤数量超预期变化。　　玻璃：淡季不淡，玻璃高位震荡　　上周玻璃主力1809合约微涨0.14%，总体呈现高位小幅震荡态势。沙河地区玻璃价格上涨后其他地区玻璃价格也同样有所上涨。淡季玻璃库存下降幅度较大，今年玻璃淡季不淡，玻璃企业及贸易商信心增加。　　库存方面，周末浮法玻璃产能利用率为71.87%；环比持平，同比下降0.07%。在产产能93144万重箱，环比持平，同比增加360万重箱。周末行业库存3299万重箱，环比上周下降33万重箱，同比下降37万重箱。产能方面，本周产能没有变化，前期点火复产的几条生产线都在本月中旬左右引板投产，主要是集中在华中和西南等地区。　　观点：　　近期玻璃去库存速度快于往年同期水平，库存压力下降后市场信心有所增加。近期玻璃产能变化不大，供给端压力尚可，而需求端则呈现淡季不淡特征。沙河地区大型玻璃企业计划提高玻璃价格，南方地区由于降雨因素近期现货市场走势偏弱。玻璃期价大幅上涨后升水于现货，上周五收盘玻璃主力1809合约升水幅度约73元/吨，玻璃期货大幅大涨透支了现货涨价预期，但考虑到沙河地区玻璃价格或继续上涨，可先观望，不急于做空。　　策略：　　观望，等待逢高做空机会。　　风险点：　　产能变化不确定，房地产市场变化超预期，周边市场情绪。　　能源化工　　PTA:油价继续下调，PTA震荡偏弱　　观点：上周国际油价继续下跌，PTA期价震荡偏弱，现货供应相对偏紧，主流供应商积极参与现货买盘，基差从周初升水30扩大至40-45，聚酯让利促销带动产销回升，加之主流大厂喊价刺激投机需求。后期来看，6月中旬PTA集中检修装置恢复，但下游聚酯高开工下，供需格局恢复估计要到下旬。对期货盘面来说，国际油价下调及终端开工下滑对盘面形成拖累，但低加工差下，期价下移空间相对谨慎。　　策略：空单谨慎持有　　风险：国际油价高位反复、织造需求淡季不淡 　　动力煤：神华外购长协限价，动煤期价高位回落　　观点：上周动煤期货冲高回落，产地环保严查及内蒙煤管票限制消息令盘面一度亢奋，但港口现货5500大卡煤主流报价突破700后，市场对政策担忧开始加剧，加之周五盘后神华宣布为稳定煤炭市场形势&保障社会用煤安全将把外购长协价格控制在600以内(目前6月长协在625)，期价应声而落。基本面方面，6月南方雨季水电补充提升，日耗逐步回归至正常波动区间，但环保严查影响下产地供应释放受限，供需面相对偏紧。对于1809月合约来说，淡季提前发力以及政策忧虑下高位调整风险仍存。　　策略：1809合约空单持有，短期目标600　　风险：日耗超预期回升、产能及产量释放不及预期　　聚烯烃：聚烯烃供需矛盾不突出，期价震荡运行　　本周观点及策略：本周聚烯烃基本上围绕9300一线震荡，并无明显主驱动。供给方面来看，随着镇海炼化、吉林石化、四川石化的开车，预计供给有逐步增多的可能。需求方面，LL仍处淡季，BOPP因下游利润微薄，订单跟进一般，LL和PP的终端均较为弱势，跟涨乏力，投机需求几无，对价格提振较弱。供需而言，随着装置的复产，聚烯烃开始面临向下的压力，下周去库速度有望趋缓，但压力不会很突出，因此，我们认为聚烯烃短期或弱势震荡为主，鉴于LL当前库存情况较差，且需求处于相对淡季，策略上可考虑逢反弹做空LL。　　单边：反弹做空　　套利：L-PP观望；跨期观望　　主要风险点：低价激发额外补库需求；原油的大幅摆动；宏观扰动　　甲醇：供需矛盾缓和，甲醇高位震荡　　观点：甲醇装置复产后影响显现，本周甲醇现货维持跌势，产区价格出现了较为明显的下跌，港口现货亦受到拖累，有所下滑，期价周内高位震荡，基差进一步收窄。供给方面来看，后期内盘供给增量有限，外盘因欧洲价高，或部分流向欧洲，暂缓矛盾，但中期来看，6-7月进口将从50多万吨的低位回升。需求方面，传统下游迎来需求淡季，预计表现一般；烯烃阳煤恒通、南京惠生、中原石化MTO装置复产，增加对甲醇的外采需求，甲醇供需矛盾较前期有所改善，禾元预计6月底复产，斯尔邦预计7月中旬检修，短周期看，兴兴和禾元复产前，预计甲醇仍将会小幅累库，但因绝对库存低位，供需矛盾并不尖锐，建议观望为主。　　策略：单边观望；PP-3*MA和MA9-1反套建议止盈。　　风险：康奈尔、常州富德MTO装置意外变化；国内外新装置意外；伊朗问题　　RU:关注产区天气，沪胶低位运行　　点：6月上旬的供需基本面转向宽松，在盘面上有所反应，就重卡数据来看，5月份销售继续保持旺盛状态，不过，后期橡胶下游轮胎出口或将受到影响。短期消费或可以维持，因此，接下来需要关注的是供应端变化对于价格的影响，重点关注产区天气以及原料价格走势。没有新因素出现之前，沪胶价格或维持低位震荡。空头做好随时离场的准备。　　PVC:消费走淡，关注高位风险　　观点：短期因为信发的减产，导致上游开工率阶段性走低，产量有所减少。但从检修计划来看，6月份检修装置相对5月份要少。随着检修高峰的过去，供应量将重新恢复宽松格局，下游消费则变化不大，且短期受环保影响，有转弱迹象。因此，下周更多关注期价高位风险。　　策略：空头思路　　风险：产量缩减明显，库存继续下降，下游消费好转，国内外货币政策等　　农产品　　白糖：回顾本周行情，受到巴西货币汇率大幅波动影响，原糖向下回踩。截止发稿时，ICE原糖主力合约本周最高触及12.54美分/磅，最低至11.60美分/磅，最后报收于12.25美分/磅，跌幅2.00%。本周CFTC原糖期货期权基金净持仓由空翻多，值得注意。　　国内则在本周受到原糖波动以及甘蔗直补传闻的共同影响，价格出现下跌，并再创本轮熊市的新低。主力合约报收5248元/吨，下跌234元/吨，跌幅4.27%。现货方面报价出现回落，广西柳州中间商报5610元/吨，下跌40元/吨，云南昆明则为5300元/吨，下跌60元/吨。 　　对于后期的展望，一是看市场对印度、泰国新榨季种植情况；二是巴西18/19榨季开榨进度以及甘蔗制糖比的变化；三是宏观上美联储加息后的影响、美国与巴西政治格局变动、原油对巴西国内汽油以及乙醇的影响以及雷亚尔贬值的幅度；四是欧美贸易战对全球食糖和含糖食品贸易的影响；五是国内白糖销售情况；六是市场对17/18榨季的产量和进口政策变化，特别是进口印度糖这块的变数；七是抛储和直补及其对现货市场的冲击情况；八是18/19榨季国内甘蔗与甜菜生长苗情。对于2018年度走势，我们认为端午节后国内白糖期货将在苗情不佳和原糖上涨的背景下出现中度级别反弹，而在夏季之后，随着糖厂销售压力增大以及受宏观走弱影响，白糖价格将出现逐步下跌的行情，趋势有望持续到18年年底之后，而到18年底或者19年初届时糖价有望出现周期性大底。　　策略::我们认为在五一节后国内糖市处于短期磨底的阶段，近期甘蔗直补的传言打压了糖价，市场也陷入恐慌中，目前国内进入了糖市的“至暗时刻”，距离熊市周期底部越来越近。对于短期投资者可以利用传言进行逢高抛空操作，而对于长线投资者而言，目前已具备逐步轻仓买入的条件，后期可以直接逢低买入远月合约，下方极限5000元/吨左右。期权方面，现货商短期可在持有现货的基础上，进行滚动卖出略虚值看涨期权的备兑期权组合操作。未来1年左右，备兑期权组合操作可以作为现货收益的增强器持续进行。而对价值投资者而言，亦可以先卖出虚值看跌期权，并赚取其时间价值，随后再直接买入虚值看涨期权博取收益最大化。月差方面，投资者可以逢高构建809-901以及809-905的反套组合，长期目标为远月升水200元/吨。　　风险点：国内政策风险、产量不及预期风险、国际汇率风险、现货偏紧风险、气候变化风险。　　棉花棉纱：未来展望：从国际来看，目前美棉出口维持强势，印度新花价格维持稳定，而原油价格的趋势性强势同样对化纤利多；对于国内，大格局上看，17年国储轮出顺利，去库存较为成功，新年度库销比大幅下降26个百分点至102%，基本面进一步转好，价格总体平稳。随着2018年国储轮出和贸易战的开始，在国储库存下降后以及进口棉花、棉纱成本上升后，总体价格中枢将逐步上升。同时我们要注意到自2018年6月4日起至本年度轮出结束，储备棉轮出交易仅限纺织用棉企业参与竞买，停止非纺织用棉企业参与竞买。　　策略：美棉价格长期维持强势，5月供需报告利多，周四棉花论坛有消息称中国要进口100万吨滑准税配额利多美棉，同时德州干旱有可能对2季度播种的美棉产生不利影响；而国内短期工商业库存偏高，总体仓单+有效预报数量处于历史最高位，并且棉协发文表示有关部门采取多项措施保障棉花市场供给，压制了市场价格，同时也使得目前的基差和内外价差得到了充分的修复。长期而言，随着抛储的进行未来不断进行去库存，长线价格中枢将不断上移。对于投资者而言在持有底仓多单的基础上维持波段操作。长期投资者可以逢低买入并长期持有1901期货多单，第一目标在18000元/吨以上，第二目标位20000元/吨，第三目标位22000元/吨。针对场外期权投资者，则可以直接轻仓逢低买入略微虚值1809或1901的看涨期权，并等到虚值期权变成实值期权后滚动至下一个虚值期权，以博取收益最大化；对于现货和持有仓单的企业，亦可以在持有现货/仓单的基础上买入虚值看跌期权以构建保护性卖权(Protective PutOption，PPO)策略。这样，既可以规避价格下跌的风险，同时可以博取价格上涨后现货端的收益。　　风险点：全球种植面积超预期风险、宏观汇率风险、国内政策超预期风险、替代品价格下跌风险。　　豆菜粕：天气良好叠加出口数据不佳，美豆大幅下跌　　美国大豆产区天气总体良好，上周USDA作物生长报告公布大豆优良率为75%，好于市场预期74%，同时种植率和出苗率继续高于去年同期和五年均值。今年大豆播种和生长开局几近完美，而大豆播种进度快往往预示着更好的单产潜力，对豆价产生利空。旧作年度，上周出口数据不佳，截至5月31日当周美国新旧作订单合计净增20万吨，低于市场预估区间。新作生长进度良好叠加出口不佳，美豆大幅下跌。　　6月12日USDA将公布6月月度供需报告。市场普遍预计USDA将进一步下调阿根廷大豆产量预估，全球期末库存也将随之下调。不过一般规律USDA在6月报告不调整美国新作单产，维持48.5蒲/英亩趋势单产不变，而目前美国新作大豆播种和生长情况良好，因此新作平衡表对市场指导意义不大。另外6月30日的最终面积报告值得后期关注。　　国内豆粕现货仍然表现疲弱。未来进口大豆到港充裕，港口和油厂大豆库存位于历史同期最高。上周开机率略增至47.8%。需求端，上周豆粕日均成交量继续下降至6.32万吨，下游生猪养殖亏损，而油厂豆粕库存连续5周保持在110-120万吨高水平，拖累基差保持弱势。我们预计现货基差的疲弱态势可能在9月前都难以改善。　　策略：美国天气良好，价格可能继续下跌；国内豆粕现货压力巨大，基差将持续疲弱　　风险：美国出口；美国新作大豆播种进度，天气　　油脂：本周国内油脂盘面大幅下跌，前期菜油引领的上涨更多的是靠远期临储库存消化的因素，现货端涨幅不及期货端，期现货存在一定背离，终端市场对当前菜油价格认可度不是很高，下游需求较差，临储菜油消化速度缓慢，仍有50%左右尚未出库，目前的进口和消费节奏下，菜油商业库存9月底前压力仍然偏大。现阶段三大油库存压力仍大，上涨难以持续，本周资金大幅减仓，及时获利，预计盘面接下来走势会在预期和现实之间频繁震荡，等待期现共振走强。　　策略：逢高空P1809　　从中长期角度看，本年度油脂基本面仍较偏空，而本年度压力主要体现在棕榈油复产上。豆棕价差在5月持续缩小，不利于棕油消费，而近期进口利润改善，促使进口商大量订船，后期棕油库存回升可能较大。　　风险： 价格处于相对低位棕油产量波动　　棕榈油91反套　　从中长期角度看，本年度油脂基本面仍较偏空，而本年度压力主要体现在棕榈油复产上。而一般情况下，下半年是复产高峰期，今年5月产量降低主要因马来斋月影响，但棕榈果本身仍在树上，和干旱所造成的减产不同，大概率产量会在下半年得到修正，而国内近期大量进口使得后期库存压力不小，在此影响下，预计棕油91反套能有机会。　　风险： 棕油产量波动　　玉米：远月升水有所收窄　　接下来市场需要根据临储拍卖成交和出库情况来预估旧作实际供需缺口，并结合新作产量前景来判断下一年度供需格局，在这种情况下，旧作玉米期价更多关注现货价格走势与临储拍卖成交后的注册仓单成本，新作更多关注国家抛储意愿和主产区天气情况；　　玉米淀粉：行业库存继续累积　　本周淀粉行业开机率虽有小幅下滑，但由于需求疲弱影响部分下游行业开机率，淀粉行业库存继续上升，这带动淀粉期现货价格相对更为弱势；考虑到目前已经进入6月中，季节性需求或将逐步显现，现实与预期博弈或逐步趋于明朗，建议继续关注行业开机率与行业库存走势，另一个值得重点留意的是华北玉米深加工企业收购价。　　交易建议：建议谨慎投资者观望为宜，激进投资者可以考虑继续持有玉米或淀粉09合约空单(如有的话)。　　风险因素：国家收抛储政策、环保政策与补贴政策　　鸡蛋：9月基差回升　　本周现货价格相对坚挺，而期价相对弱势，鸡蛋近月基差有所回升，大致与往年6月到9月间现货价格波动幅度一致，这表明目前9月期价已经大致反映往年现货季节性上涨预期，接下来需要重点关注现货价格走势，而根据供需预期和往年统计规律来看，预计接下来9月期价或在现货带动下出现阶段性弱势行情，当然，考虑到鸡蛋9月之前整体体现为供需改善与季节性规律之间的博弈，后期可能在季节性规律的带动下出现上涨，我们预计总体波动区间为3800-4200之间；对于9月之后合约而言，从育雏鸡补栏数据来看，后期供需有望继续改善，而届时不再有大的节假日备货需求，使得业内人士相对更为看空，后期重点关注1月做空机会，主要风险在于会否出现类似于2013年年底的禽流感疫情。　　交易建议：建议谨慎投资者观望为宜，激进投资者可以考虑继续持有前期9月合约空单(如有的话)，后期在季节性上涨之前择机平仓离场。　　风险因素：环保政策与禽流感疫情等。　　生猪：本周猪价环比小幅上涨，周初外三元均价11.20元/公斤，周末均价11.29元/公斤，上涨0.09元/公斤。据博亚和讯监测，本周猪粮比6.34:1，环比增加2.33%，猪料比价4.18:1，环比增加1.45%；自繁出栏亏损157.23元/头，盈利能力环比增加8.19%，同比下降230.55%；外购养殖出栏亏损183.06元/头，盈利环比增加11.58%，同比减少97.03%；本周仔猪均价24.3元/公斤，环比下降1.58%，同比下降30.73%，二元母猪价格29.56元/公斤，环比上涨0.68%，同比下降23.81%。　　端午节临近，部分养殖户选择节前出栏大猪，因为大猪并不受市场欢迎，价格较低。也有养殖户选择压栏，对6月份猪价再次上涨充满期待。近期饲料价格下调，养殖端压力略有缓解，以压栏待售持观望态度为主，市场生猪出栏节奏放缓，加之南方台风暴雨来袭，生猪出栏也受到一定影响。目前优质标猪广受市场欢迎，加之农忙和端午对消费形成一定支撑，屠企加大屠宰量利好猪价，然而天气炎热，生猪饲养管理难度增加，逢节若生猪集中出栏的情况下，屠企趁势压价猪价或再跌。总体而言，随着大肥猪出栏进一步释放，后期猪价上涨是大概率事件。　　风险关注：原料价格风险、不可控疫情、国家政策、自然灾害　　商品策略　　商品策略：上周有色板块表现亮眼 农产品板块回调　　上周内盘有色板块上铜、铅表现亮眼，黑色板块及能化震荡分化，农产品整体回调；外盘上看能源类小幅回调，基本金属板块铜涨幅靠前，农产品整体飘绿。基差上看，黑色板块整体升水；能化板块小幅升水；有色板块整体升贴水幅度不大；农产品板块小幅贴水。9-1升贴水上看黑色板块整体为升水，且成材升水幅度靠前；能化板块上看甲醇、沥青、橡胶为贴水其余品种小幅升水；有色金属上看铅、锌为贴水；农产品整体为贴水。库存上看，上周钢材社会库存持续下降，玻璃库存小幅下降；能化板块上看动力煤六大电厂库存小幅下滑，低于去年同期，甲醇港口库存小幅上行但仍处于低位，PVC社会库存持续下滑；有色金属上看，铝交易所库存小幅下行，铜交易所库存震荡下行，锌、镍交易所库存有所回落；农产品上看豆粕库小幅回升，港口和油厂大豆库存位于历史同期最高，而玉米总库存上看回升幅度较大。　　另外，据中国煤炭资源网报道，截止6月7日，山西吕梁准一级冶金焦指数2000元/吨，周环比涨110元/吨；晋中二级冶金焦指数1900元/吨，周环比上涨100元/吨；山东日照二级冶金焦指数2080元/吨，周环比涨30元/吨；山东日照港准一级焦指数2050元/吨，周环比上涨50元/吨。于5月8日河北、山西、山东等地焦企纷纷向钢厂再次提涨焦价，幅度为100元/吨，目前有部分钢厂基本默许，主要当下山东、河北部分主流钢厂焦炭库存并不高，低于安全库存水平，采购积极性尚在。部分钢厂焦炭库存位于中低位水平。　　量化期权　　商品市场流动性：苹果、豆粕成交大幅增加　　品种流动性情况：　　2018年6月8日，镍减仓702837.54万元，环比减少7.16%，位于当日全品种减仓排名首位。天然橡胶增仓292729.60万元，环比增长3.59%，位于当日全品种增仓排名首位；阴极铜5日、10日滚动增仓最多；一号棉花、PTA5日、10日滚动减仓最多。成交金额上，苹果、铜和镍分别成交19446391.63万元、16565436.85万元和16482152.64万元(环比：104.06%、-10.86%、39.42%)，位于当日成交金额排名前三名。　　板块流动性情况：　　本报告板块划分采用Wind大类商品划分标准，共分为有色、油脂油料、软商品、农副产品、能源、煤焦钢矿、化工、贵金属、谷物和非金属建材10个板块。2018年6月8日，除非金属建材、能源小幅增仓外，各板块不同程度减仓，其中有色板块位于减仓首位，煤焦钢矿次之。成交量上有色、煤焦钢矿和油脂油料三个板块分别成交4447.77亿元、4035.07亿元和2787.89亿元，位于当日板块成交金额排名前三；非金属建材、农副产品和谷物板块成交低迷。                                            (责任编辑：DF318)"
"硅铁：短期或呈盘整态势运行","　　1、基本面：工厂方面排单仍旧紧张，部分厂家表示新单已排至本月中旬，而河钢招标价格已经明确，环保层面，内蒙包头地区厂家预计复工时间有所延后，厂家报价坚挺；偏多。 　　2、基差：现货价格6700，基差174，现货升水期货；偏多。 　　3、库存：仓单476张，16660吨，目前厂家普遍暂无库存压力；偏多。 　　4、盘面：20日线向下，期价自上而下突破20日线；偏多。 　　5、主力持仓：主力持仓净空，空减；偏空。  　　6、结论：虽市场利好消息偏多，但考虑到市场供需格局依旧是制约硅铁价格变动的主要因素，短期而言，硅铁或呈盘整态势运行。硅铁1809:6400-6700区间操作。                                            (责任编辑：DF318)"
"硅铁：主力持仓净空","　　1、基本面：环保回头看已开始入驻主产区中，但在社会库存压力下短期仍需观望钢招主流明确；中性。 　　2、基差：现货价格6700，基差144，现货升水期货；偏多。 　　3、库存：仓单489张，17115吨，目前厂家普遍暂无库存压力；偏多。 　　4、盘面：20日线向上，期价在20日线下方运行；中性。 　　5、主力持仓：主力持仓净空，空增；偏空。  　　6、结论：虽标志性钢铁企业招标价格暂未出台，硅铁市场看涨意愿较强，但上方压力迫使期价只能以震荡为主，近期需关注钢招情况。预计硅铁短期波幅或不大。硅铁1809:6400-6700区间操作。                                            (责任编辑：DF318)"
"机构：有机硅下游需求旺盛 六月涨价有望持续","　　1、国内工业硅龙头，成本优势明显 　　公司是我国硅基新材料行业中业务链最完整、生产规模最大的企业之一，公司工业硅产能国内排名第一，有机硅产能排名前五位。公司工业硅设计产能35万吨，有机硅设计产能33万吨。2017年我国工业硅产量220万吨，合盛产量占全国产量18%。合盛硅业作为龙头有明显成本优势： 　　(1)公司工业硅生产基地地处新疆，硅矿石储量丰富并且价格低廉。 　　(2)新疆煤炭资源丰富，价格低于中东部地区，工业硅作为高耗能产业，电力成本超过40%，合盛硅业工业硅项目均为自备电厂，电力成本不到公网一半。 　　(3)公司还配套石墨碳素电极产能，在去年石墨电极大涨的背景下公司成本不受影响。 　　(4)作为高耗能生产企业，规模大能有效降低单位成本。 　　在环保日趋严格的背景下，工业硅行业准入门槛提高，新规工业硅新建产能热炉容量必须≥25000千伏安，并配套配套余热和煤气综合利用设施。在供给侧改革背景下，未来行业集中度将提高，龙头企业将充分享受政策红利。 　　2、鄯善基地扩产，继续提升领先地位 　　公司正在新疆鄯善地区建设硅材料循环经济产业园，2018年6月份年产40万吨工业硅产能将建成并投产，该园区还向下游延伸建设年产10万吨硅氧烷及下游深加工，有机硅产能预计2020年3月份投产。40万吨工业硅建成之后公司将超过Ferroglobe，成为全球排名第一的工业硅生产商，公司地位的提升将进一步增强公司竞争力。 　　3、供给侧改革，有机硅行业继续景气 　　有机硅供给端在历经五年行业洗牌之后企业缩减至12家，在环保政策的压力下，国内2018无新增产能，19-20产能投放低于规划产能。2018年一季度，全国房地产开发投资同比增长10.4%，同时新能源及电力电子电器等领域的增长也将有效支撑2018年有机硅的需求，因此有机硅今年有望继续保持景气。公司近期计划在新疆石河子投资20万吨/年硅氧烷项目，也彰显公司对有机硅行业的信心。 　　4、向产业链下游延伸，构建一体化优势 　　公司计划在新疆石河子投资20万吨/年硅氧烷项目，配套建设20万吨/年甲醇装置，7万吨/年钾碱装置以及相应的热电联产项目，公司向下游不断延伸，构建一体化优势将有利于公司通过调节产业链产量来实现利润最大化，也有利于降低行业波动带来的风险。从长期来看，公司既把握上游低成本原料资源又向下游发展高附加值产品将有助于公司长期保持竞争力和价格优势。 　　5、财务预测与投资建议 　　40万吨鄯善地区工业硅产能年中的投产预计会给公司带来大约18亿的营收增量；有机硅方面通过技能改造产能会有所小幅提高，加之进入18年有机硅继续上涨，有机硅方面预计有9-10亿的营收增量。基于2018年有机硅和工业硅价格稳中向好，我们预计公司2018-2020年EPS分别为4.23元/4.94元/5.74元，对应PE分别为19倍/16倍/14倍，给予公司“买入”评级。                                            (责任编辑：DF318)"
"硅铁：需关注钢招情况","　　1、基本面：内蒙古将展开新一轮的环保，部分厂家没有库存现货，下游需求回归常态；偏多。　　2、基差：现货价格6700，基差208，现货升水期货；偏多。　　3、库存：仓单733张，25655吨，目前厂家普遍暂无库存压力；偏多。　　4、盘面：20日线向上，期价在20日线下方运行；中性。　　5、主力持仓：主力持仓净空，空增；偏空。 　　6、结论：硅铁1809合约没有延续上周的跌势，但上方压力迫使期价只能以相对低位窄幅震荡，近期需关注钢招情况。硅铁1809:6400-6600区间操作。                                            (责任编辑：DF318)"
"硅铁：可能走出一波反弹行情","　　1、基本面：内蒙古将展开新一轮的环保，部分厂家没有库存现货，下游需求回归常态；偏多。 　　2、基差：现货价格6700，基差220，现货升水期货；偏多。 　　3、库存：仓单781张，27335吨，目前厂家普遍暂无库存压力；偏多。 　　4、盘面：20日线向下，期价在20日线下方运行；偏空。 　　5、主力持仓：主力持仓净空，空减；偏空。 　　6、结论：因技术面与现货面对期价一定的支撑作用，预计可能走出一波反弹行情，在期价未跌破有效支撑情况下适度逢低做多。硅铁1809:6400多，止损6350。                                            (责任编辑：DF318)"
"硅铁1809：6600-6900区间操作","　　1、基本面：受环保因素影响，硅铁供应整体供不应求，下游钢招价格抬升；偏多。 　　2、基差：现货价格6800，基差60，现货升水期货；偏多。 　　3、库存：仓单905张，31675吨，厂家减产力度加大，目前厂家普遍暂无库存压力；偏多。 　　4、盘面：20日线向上，期价在20日线上方运行；偏多。 　　5、主力持仓：主力持仓净空，空减；偏空。  　　6、结论：现货紧张、硅石环保、钢招价格抬升等因素刺激，厂家报价调涨心态积极，但目前期价已处于相对高位，继续追涨风险增大。硅铁1809:6600-6900区间操作。                                            (责任编辑：DF350)"
"硅铁1809：观望为主 回落做多","　　1、基本面：受环保因素影响，硅铁供应整体供不应求，下游钢招价格抬升；偏多。　　2、基差：现货价格6800，基差32，现货小幅升水期货；中性。　　3、库存：仓单905张，31675吨，厂家减产力度加大，目前厂家普遍暂无库存压力；偏多。　　4、盘面：20日线向上，期价在20日线上方运行；偏多。　　5、主力持仓：主力持仓净空，空增；偏空。 　　6、结论：现货紧张、硅石环保、钢招价格抬升等因素刺激，厂家报价调涨心态积极，但目前期价已处于相对高位，继续追涨风险增大。硅铁1809:观望为主，回落做多。                                            (责任编辑：DF350)"
"硅铁1809：观望为主","　　1、基本面：硅铁市场整体现货偏少，生产厂家报价坚挺；偏多。 　　2、基差：现货价格6800，基差96，现货升水期货；偏多。 　　3、库存：仓单825张，28875吨，厂家减产力度加大，目前厂家普遍暂无库存压力；偏多。 　　4、盘面：20日线向上，期价在20日线上方运行；偏多。 　　5、主力持仓：主力持仓净空，空减；偏空。  　　6、结论：现货紧张、硅石环保、钢招价格抬升等因素刺激，厂家报价调涨心态积极，但目前期价已处于相对高位，继续追涨风险增大。硅铁1809:观望为主，回落做多。                                            (责任编辑：DF350)"
"硅铁：目前期价已处于相对高位","　　1、基本面：硅铁市场整体现货偏少，生产厂家报价坚挺；偏多。 　　2、基差：现货价格6600，基差-292，现货贴水期货；偏空。 　　3、库存：仓单825张，28875吨，厂家减产力度加大，目前厂家普遍暂无库存压力；偏多。 　　4、盘面：20日线向上，期价在20日线上方运行；偏多。 　　5、主力持仓：主力持仓净空，空减；偏空。  　　6、结论：现货紧张、硅石环保、钢招价格抬升等因素刺激，厂家报价调涨心态积极，但目前期价已处于相对高位，继续追涨风险增大。硅铁1809:观望为主，回落做多。                                            (责任编辑：DF350)"
"硅铁：目前期价已处于相对高位 继续追涨风险增大","　　1、基本面：硅铁市场整体现货偏少，生产厂家报价坚挺；偏多。 　　2、基差：现货价格6500，基差-248，现货贴水期货；偏空。 　　3、库存：仓单834张，29190吨，厂家减产力度加大，目前厂家普遍暂无库存压力；偏多。 　　4、盘面：20日线向上，期价在20日线上方运行；偏多。 　　5、主力持仓：主力持仓净空，空增；偏空。  　　6、结论：硅石环保、钢招价格抬升、期货接连飘红等因素刺激，厂家报价调涨心态积极，但目前期价已处于相对高位，继续追涨风险增大。硅铁1809:观望为主，轻仓回落做多。                                            (责任编辑：DF350)"
"硅铁：大幅上涨动能不足","　　硅铁： 　　1、基本面：硅铁厂家报价坚挺，但由于下游客户的意愿价位与厂家的心理并未达成一致，下游厂商观望氛围较强；中性。 　　2、基差：现货价格6200，基差-344，现货贴水期货；偏空。 　　3、库存：仓单752张，26320吨，厂家减产力度加大，目前厂家普遍暂无库存压力；偏多。 　　4、盘面：20日线向上，期价在20日线上方运行；偏多。 　　5、主力持仓：主力持仓净空，空增；偏空。  　　6、结论：工厂心态在库存短期暂无压力情况下挺价态度表现明显，但下游钢厂需求受环保影响持续未有效释放，加上供应端减产幅度较小，继续大幅上涨动能不足。硅铁1809:6450-6650区间操作。                                            (责任编辑：DF318)"
"硅铁：继续大幅上涨动能不足","　　1、基本面：硅铁厂家报价坚挺，但由于下游客户的意愿价位与厂家的心理并未达成一致，下游厂商观望氛围较强；中性。 　　2、基差：现货价格6200，基差-308，现货贴水期货；偏空。 　　3、库存：仓单346张，12110吨，厂家减产力度加大，目前厂家普遍暂无库存压力；偏多。 　　4、盘面：20日线向上，期价在20日线上方运行；偏多。 　　5、主力持仓：主力持仓净空，空减；偏空。  　　6、结论：工厂心态在库存短期暂无压力情况下挺价态度表现明显，但下游钢厂需求受环保影响持续未有效释放，加上供应端减产幅度较小，继续大幅上涨动能不足。硅铁1809:6450-6650区间操作。                                            (责任编辑：DF350)"
"硅铁1809：6450-6650区间操作","　　1、基本面：硅铁厂家报价坚挺，但由于下游客户的意愿价位与厂家的心理并未达成一致，下游厂商观望氛围较强；中性。 　　2、基差：现货价格6200，基差-400，现货贴水期货；偏空。 　　3、库存：仓单329张，11515吨，厂家减产力度加大，目前厂家普遍暂无库存压力；偏多。 　　4、盘面：20日线向上，期价在20日线上方运行；偏多。 　　5、主力持仓：主力持仓净空，空减；偏空。  　　6、结论：工厂心态在库存短期暂无压力情况下挺价态度表现明显，但下游钢厂需求受环保影响持续未有效释放，加上供应端减产幅度较小，继续大幅上涨动能不足。硅铁1809:6450-6650区间操作。                                            (责任编辑：DF350)"
"硅铁：大幅上涨动能不足","　　1、基本面：硅铁厂家报价坚挺，但由于下游客户的意愿价位与厂家的心理并未达成一致，下游厂商观望氛围较强；中性。 　　2、基差：现货价格6200，基差-426，现货贴水期货；偏空。 　　3、库存：仓单310张，10850吨，厂家减产力度加大，目前厂家普遍暂无库存压力；偏多。 　　4、盘面：20日线向上，期价在20日线上方运行；偏多。 　　5、主力持仓：主力持仓净空，多翻空；偏空。  　　6、结论：工厂心态在库存短期暂无压力情况下挺价态度表现明显，但下游钢厂需求受环保影响持续未有效释放，加上供应端减产幅度较小，继续大幅上涨动能不足。硅铁1809:6400-6600区间操作。                                            (责任编辑：DF350)"
"硅铁：继续大幅上涨动能不足","　　1、基本面：硅铁厂家报价坚挺，但由于下游客户的意愿价位与厂家的心理并未达成一致，下游厂商观望氛围较强；中性。 　　2、基差：现货价格6200，基差-316，现货贴水期货；偏空。 　　3、库存：仓单280张，9800吨，厂家减产力度加大，目前厂家普遍暂无库存压力；偏多。 　　4、盘面：20日线向上，期价在20日线上方运行；偏多。 　　5、主力持仓：主力持仓净多，空翻多；偏多。  　　6、结论：工厂心态在库存短期暂无压力情况下挺价态度表现明显，但下游钢厂需求受环保影响持续未有效释放，加上供应端减产幅度较小，继续大幅上涨动能不足。硅铁1809:6350-6550区间操作。                                            (责任编辑：DF350)"
"硅铁1809：6350-6550区间操作","　　1、基本面：5月招标价格调涨已渐成事实，市场心态好转；偏多。 　　2、基差：现货价格6100，基差-358，现货贴水期货；偏空。 　　3、库存：仓单128张，4480吨，厂家减产力度加大，目前厂家普遍暂无库存压力；偏多。 　　4、盘面：20日线向上，期价在20日线上方运行；偏多。 　　5、主力持仓：主力持仓净空，空减；偏空。 　　6、结论：工厂心态在库存短期暂无压力情况下挺价态度表现明显，但下游钢厂需求受环保影响持续未有效释放，加上供应端减产幅度较小，继续上涨动能不足，硅铁1809:6350-6550区间操作。                                            (责任编辑：DF350)"
"硅铁1809：多单继续持有","　　1、基本面：5月招标价格调涨已渐成事实。市场心态好转；偏多。 　　2、基差：现货价格6100，基差-330，现货贴水期货；偏空。 　　3、库存：仓单97张，3395吨，厂家减产力度加大，目前厂家普遍暂无库存压力；偏多。 　　4、盘面：20日线向上，期价在20日线上方运行；偏多。 　　5、主力持仓：主力持仓净空，空增；偏空。  　　6、结论：当前市场硅铁实际成交价格高价成交情况不佳，但工厂心态在库存短期暂无压力情况下，遇需求释放期挺价态度表现明显。硅铁1809:多单继续持有。                                            (责任编辑：DF350)"
"硅铁1809：6400附近多","　　1、基本面：5月招标价格调涨已渐成事实。市场心态好转；偏多。 　　2、基差：现货价格6100，基差-376，现货贴水期货；偏空。 　　3、库存：仓单20张，700吨，厂家减产力度加大，目前厂家普遍暂无库存压力；偏多。 　　4、盘面：20日线向上，期价在20日线上方运行；偏多。 　　5、主力持仓：主力持仓净空，多翻空；偏空。  　　6、结论：当前市场硅铁实际成交价格高价成交情况不佳，但工厂心态在库存短期暂无压力情况下，遇需求释放期挺价态度表现明显。硅铁1809:6400附近多，止损6350。                                            (责任编辑：DF350)"
"硅铁1809：6400附近多 止损6350","　　1、基本面：新一轮招标即将启动，市场需求有望得到释放，市场挺价意愿强烈；偏多。 　　2、基差：现货价格6100，基差-360，现货贴水期货；偏空。 　　3、库存：仓单20张，700吨，厂家减产力度加大，目前厂家普遍暂无库存压力；偏多。 　　4、盘面：20日线向上，期价在20日线上方运行；偏多。 　　5、主力持仓：主力持仓净空，空减；偏空。  　　6、结论：当前市场硅铁实际成交价格高价成交情况不佳，但工厂心态在库存短期暂无压力情况下，遇需求释放期挺价态度表现明显。硅铁1809:6400附近多，止损6350。                                            (责任编辑：DF350)"
"技术解盘：郑糖底部盘整 硅铁圆底形成","　　图一郑糖——底部盘整  　　郑糖1809合约周三成交量明显放大，量创出近3个月以来最高，期货价格振荡走高。目前价格在5500下方有抵抗性迹象，但反弹力度仍有待观察。 　　图二：PVC—— 振荡上行  　　PVC1809合约近日维持缓慢上行，价格创出近2个月以来新高。布林通道开口扩张，价格沿上轨运行，多头势占据主导。 　　图三：硅铁——圆底形成  　　硅铁1809合约近日在市场资金移仓换月情况下，转化成主力合约，期货价格“顺势”大幅走高，价格突破60日均线，并有站稳迹象。前期有形成“圆底”形态迹象，预计价格仍有上行空间。                                            (责任编辑：DF350)"
"硅铁1809：多单继续持有","　　1、基本面：新一轮招标即将启动，市场需求有望得到释放，市场挺价意愿强烈；偏多。 　　2、基差：现货价格6000，基差-536，现货贴水期货；偏空。 　　3、库存：仓单20张，700吨，厂家减产力度加大，目前厂家普遍暂无库存压力；偏多。 　　4、盘面：20日线向上，期价在20日线上方运行；偏多。 　　5、主力持仓：主力持仓净空，空减；偏空。  　　6、结论：当前市场硅铁实际成交价格高价成交情况不佳，但工厂心态在库存短期暂无压力情况下，遇需求释放期挺价态度表现明显。硅铁1809:多单继续持有，止损6300。                                            (责任编辑：DF350)"
"硅铁1809：宽幅震荡","　　1、基本面：新一轮招标即将启动，市场需求有望得到释放，市场挺价意愿强烈；偏多。 　　2、基差：现货价格6000，基差-410，现货贴水期货；偏空。 　　3、库存：仓单20张，700吨，厂家减产力度加大，目前厂家普遍暂无库存压力；偏多。 　　4、盘面：20日线向上，期价在20日线上方运行；偏多。 　　5、主力持仓：主力持仓净空，空增；偏空。  　　6、结论：当前市场硅铁实际成交价格高价成交情况不佳，但工厂心态在库存短期暂无压力情况下，遇需求释放期挺价态度表现明显。硅铁1809:宽幅震荡，6200附近多，止损6150。                                            (责任编辑：DF350)"
"商品收盘多数飘绿 硅铁涨近3%沥青跌逾2%","摘要            【商品收盘多数飘绿 硅铁涨近3%沥青跌逾2%】东方财富网25日讯，周三商品期货市场多数下跌，截至收盘，沥青跌逾2%，郑煤、铁矿、焦煤、沪锌跌逾1%，郑醇、鸡蛋、沪铅、原油、玻璃、锰硅、热卷、沪锡、玉米、沪银、焦炭、沪铝、沪镍、沪金等下跌。硅铁领涨，涨2.7%；白糖、塑料、菜粕、橡胶、螺纹、沪铜等上涨。                             　　东方财富网25日讯，周三商品期货市场多数下跌，截至收盘，沥青跌逾2%，郑煤、铁矿、焦煤、沪锌跌逾1%，郑醇、鸡蛋、沪铅、原油、玻璃、锰硅、热卷、沪锡、玉米、沪银、焦炭、沪铝、沪镍、沪金等下跌。硅铁领涨，涨2.7%；白糖、塑料、菜粕、橡胶、螺纹、沪铜等上涨。　　沪镍短期回调将持续　　近期美债收益率持续走高，推动美元持续上涨，压制了以美元计价的商品价格。　　美国经济走势较好。美国4月18日发布的经济褐皮书显示，对美国经济的展望保持乐观态度，目前就业市场较为紧张的局面将推升薪资增长，从而带来通胀上升，这也是近期美债收益率走高的重要原因。　　在菲律宾雨季未结束之前，国内部分品位的镍矿价格迎来了一波下调，国内镍矿港口库存亦呈现出低位反弹趋势，镍矿供应端预期宽松。　　虽然LME和上期所镍库存总体呈下降趋势，但下游占镍总消费最大比例的不锈钢，其库存却始终维持高位。据51不锈钢网统计，4月上旬，佛山地区15个不锈钢仓库总库存量为160672吨，无锡地区不锈钢样本库存量为256725吨，两地总量环比3月下旬增加7953吨，并且不锈钢总库存仍处4年以来高位，下游需求仍然偏弱。此外，镍铁作为镍生产不锈钢的替代品，近期价格也开始回调，亦难对镍价提供支撑。　　总的来说，美对俄制裁有放松的倾向，美元走强以及基本面偏弱的格局或使镍价短期回调趋势延续。但长期来看，全球供需平衡仍略有短缺，镍价短期回调将不改长期上行趋势。　　铝价静待市场情绪释放完毕　　沪铝自去年11月以来持续走弱，其原因在于基本面并未像国外一样出现大幅短缺。由于取暖季限产以及国家去杠杆政策，下游企业资金状况普遍紧张，这一具体表现在渠道库存往显性库存转移，使得节后社会显性库存并未出现太大降幅。房地产行业作为铝国内消费的第一大块，今年仍将受国家调控影响增速下降。短期供应上，随着国内铝价上涨铝企利润修复，前期取暖季后复产以及新投合规产能将释放，这将加快国内供应增加边际量，对于短期国内基本面产生压力。　　中长期来看，国内基本面仍将维持紧平衡状态。2018年我国继续深化供给侧改革，自备电厂补缴政府税金及上网系统费，将抬高国内电解铝生产成本支撑铝价。　　铝材出口短期成为亮点。境外俄铝制裁导致国外铝价大涨，沪伦比值进一步下降给予国内铝材输出绝好的机会。虽然美国对我国征收10%的进口关税，但在出口丰厚的利润刺激下，国内铝材出口仍具有较强竞争力。不过，在美国铝冶炼重启进程中，未来美国仍有可能对我国铝材输出采取更为严格的反倾销措施。　　短期来看，国内铝价仍跟随伦铝价格走势波动，随着市场情绪的持续释放，长期来看，沪铝走势仍将受益于国内的供给侧改革。                                            (责任编辑：DF350)"
"商品午盘走势分化 硅铁涨逾1%沥青跌近2%","摘要            【商品午盘走势分化 硅铁涨逾1%沥青跌近2%】东方财富网25日讯，周三早盘商品市场涨跌互现，截至中午收盘，硅铁涨1.41%，白糖、PP、橡胶、沪铜、菜粕、螺纹钢、甲醇、沪铝等上涨；沥青跌1.84%，动力煤跌1.69%，焦煤跌1.01%，苹果、棉花、原油、铁矿石、锰硅、豆一等下跌。                             　　东方财富网25日讯，周三早盘商品市场涨跌互现，截至中午收盘，硅铁涨1.41%，白糖、PP、橡胶、沪铜、菜粕、螺纹钢、甲醇、沪铝等上涨；沥青跌1.84%，动力煤跌1.69%，焦煤跌1.01%，苹果、棉花、原油、铁矿石、锰硅、豆一等下跌。　　沪镍短期回调将持续　　近期美债收益率持续走高，推动美元持续上涨，压制了以美元计价的商品价格。　　美国经济走势较好。美国4月18日发布的经济褐皮书显示，对美国经济的展望保持乐观态度，目前就业市场较为紧张的局面将推升薪资增长，从而带来通胀上升，这也是近期美债收益率走高的重要原因。　　在菲律宾雨季未结束之前，国内部分品位的镍矿价格迎来了一波下调，国内镍矿港口库存亦呈现出低位反弹趋势，镍矿供应端预期宽松。　　虽然LME和上期所镍库存总体呈下降趋势，但下游占镍总消费最大比例的不锈钢，其库存却始终维持高位。据51不锈钢网统计，4月上旬，佛山地区15个不锈钢仓库总库存量为160672吨，无锡地区不锈钢样本库存量为256725吨，两地总量环比3月下旬增加7953吨，并且不锈钢总库存仍处4年以来高位，下游需求仍然偏弱。此外，镍铁作为镍生产不锈钢的替代品，近期价格也开始回调，亦难对镍价提供支撑。　　总的来说，美对俄制裁有放松的倾向，美元走强以及基本面偏弱的格局或使镍价短期回调趋势延续。但长期来看，全球供需平衡仍略有短缺，镍价短期回调将不改长期上行趋势。　　铝价静待市场情绪释放完毕　　沪铝自去年11月以来持续走弱，其原因在于基本面并未像国外一样出现大幅短缺。由于取暖季限产以及国家去杠杆政策，下游企业资金状况普遍紧张，这一具体表现在渠道库存往显性库存转移，使得节后社会显性库存并未出现太大降幅。房地产行业作为铝国内消费的第一大块，今年仍将受国家调控影响增速下降。短期供应上，随着国内铝价上涨铝企利润修复，前期取暖季后复产以及新投合规产能将释放，这将加快国内供应增加边际量，对于短期国内基本面产生压力。　　中长期来看，国内基本面仍将维持紧平衡状态。2018年我国继续深化供给侧改革，自备电厂补缴政府税金及上网系统费，将抬高国内电解铝生产成本支撑铝价。　　铝材出口短期成为亮点。境外俄铝制裁导致国外铝价大涨，沪伦比值进一步下降给予国内铝材输出绝好的机会。虽然美国对我国征收10%的进口关税，但在出口丰厚的利润刺激下，国内铝材出口仍具有较强竞争力。不过，在美国铝冶炼重启进程中，未来美国仍有可能对我国铝材输出采取更为严格的反倾销措施。　　短期来看，国内铝价仍跟随伦铝价格走势波动，随着市场情绪的持续释放，长期来看，沪铝走势仍将受益于国内的供给侧改革。                                            (责任编辑：DF350)"
"原油期货创上市新高 黑色系走强硅铁涨3.5%","摘要            【原油期货创上市新高 黑色系走强硅铁涨3.5%】东方财富网24日讯，周二商品期货市场走势分化，截至收盘，硅铁涨3.5%，原油、焦炭、焦煤、郑醇、郑煤涨逾2%，螺纹、PVC涨逾1%，热卷、塑料、玻璃、沥青、锰硅上涨。沪铝领跌，跌3.7%，鸡蛋、沪银、沪锡、沪镍跌逾1%，橡胶、豆粕、白糖、玉米、沪铜、菜粕、沪金、铁矿、沪铅、沪锌下跌。                             　　东方财富网24日讯，周二商品期货市场走势分化，截至收盘，硅铁涨3.5%，原油、焦炭、焦煤、郑醇、郑煤涨逾2%，螺纹、PVC涨逾1%，热卷、塑料、玻璃、沥青、锰硅上涨。沪铝领跌，跌3.7%，鸡蛋、沪银、沪锡、沪镍跌逾1%，橡胶、豆粕、白糖、玉米、沪铜、菜粕、沪金、铁矿、沪铅、沪锌下跌。　　原油中期偏强基调难改　　由于原油需求向好，叠加OPEC减产执行率较高，OECD原油库存下降明显，原油市场供需恢复平衡的步伐加快。OPEC秘书长预计石油市场可能在2018年二三季度实现再平衡，快于此前预期的2018年年底。　　二季度消费旺季来临，下游成品油需求旺盛。截至4月13日当周，美国汽油需求量为927.3万桶/天，较之前一周上涨7万桶/天，高于过去五年均值；馏分油需求量为417万桶/天，较前一周增加28.3万桶/天，上涨至过去五年均值以上。需求大增带动成品油库存下滑，美国汽油库存为2.38935亿桶，较前一周小幅上涨45.8万桶；馏分油库存为1.28447亿桶，较前一周大幅减少104.4万桶，低于过去五年均值线。　　受地缘危机影响，叠加原油基本面向好，市场乐观情绪升温，油价上涨，WTI原油期货投机性净多头大幅增加。截至4月17日当周，纽约商品交易所原油期货非商业净多持仓为728131手，较前一周大幅增加21051手，连续两周上升，其中多头仓位增加13640手，空头仓位减少7411手。　　叙利亚战事背后的逻辑是美俄在中东利益冲突加剧，中东局势不容乐观，地缘政治因素仍是油价的有力支撑。此外，国际原油基本面好转，OPEC减产执行情况较好，去库存效果显著，预计油市供需将加速恢复平衡。另外，美国成品油需求旺季来临，加之炼厂开工率持续回升，原油需求向好，利多油市。综合来看，短期随着叙利亚紧张局势的缓和，油价或小幅回调，但中长期来看基本面好转和中东局势动荡的隐患，仍将支撑油价，预计油价会振荡偏强运行。　　螺纹钢整体将振荡下行　　1—3月，中钢协预估的国内粗钢日均产量数据明显低于国家统计局披露的数据。事实上，中钢协预估产量与统计局披露产量数据之间的差异长期存在，中钢协对2017年11—12月产量预估偏高，但对2017年全年产量预估偏低，这主要是2017年钢厂盈利过高刺激钢铁产量释放。鉴于目前钢厂盈利仍在高位，我们认为2018年粗钢产量创新高的潜力很大，虽然中钢协粗钢产量预估值仍然会偏低，但难以掩盖钢铁市场供过于求的局面。　　在去杠杆的政策环境之下，国内钢铁需求难以长期维持在高位。2018年的宏观政策基调总体上偏紧，目前来看不会走信贷扩张刺激的老路。以环保政策为杠杆撬动的供给侧改革仍然是化解通缩压力的重要手段。　　钢材市场去库存进程在4月明显加速，延后释放的需求有利于钢材去库存，但各地去库存状况略有差异，华南地区建筑钢材库存居高难下，雨季逐步临近，需求趋于转淡，高位库存将始终是钢市运行的隐患。总体上，在4月需求如此集中释放之后，5—6月需求环比4月有回落压力，而钢厂高炉复产从4月初开始已呈蓄势待发之势，随着钢厂高炉复产逐步增多，且需求亢奋状态难以长期保持，钢材去库存速度将会逐步放缓，保守估计去库存速度将逐步降至去年同期甚至更低水平，对钢价上行构成明显的制约。后期，若钢材去库存进程出现边际上的重大变化，市场预期将会发生突变。　　影响2018年二季度钢材期价表现的最大核心变量来自于宏观层面的不确定性，市场风险因素层出不穷，只有钢材库存大幅下降才能对期价提供支撑，但仍然难以完全抵御宏观利空因素的致命冲击。预计RB1810合约将在2800—3800元/吨范围内运行。期价上行空间小下行空间大，且由于基差并未发展到限制期价下行的地步，因此螺纹钢期价整体将振荡下行，呈现出远月贴水的价差结构。                                            (责任编辑：DF350)"
"硅铁：价格可能会重回弱势震荡","　　1、基本面：月末资金周转压力，以及市场仍有部分低价资源拖累主流报价，再加上五一小长假将至，难保下游不会有拖延采购进而压价的操作；偏空。 　　2、基差：现货价格6000，基差-174，现货贴水期货；偏空。 　　3、库存：仓单6张，厂家减产力度加大，目前厂家普遍暂无库存压力；偏多。 　　4、盘面：20日线向下，期价在20日线上方运行；中性。 　　5、主力持仓：主力持仓净空，空减；偏空。  　　6、结论：短期需关注厂家出货情况以及钢招进展情况，价格可能会重回弱势震荡。硅铁1805:宽幅震荡，6000-6300区间操作。                                            (责任编辑：DF350)"
"硅铁：价格或会重回弱势震荡","　　1、基本面：硅铁整体仍处于供过于求的局面，钢厂方面减停产频频，对于合金采购压价心态较强；偏空。 　　2、基差：现货价格6000，基差-110，现货贴水期货；偏空。 　　3、库存：仓单6张，厂家减产力度加大，库存开始有所消化；中性。 　　4、盘面：20日线向下，期价在20日线上方运行；中性。 　　5、主力持仓：主力持仓净空，空减；偏空。  　　6、结论：短期需关注厂家出货情况以及钢招进展情况，价格可能会重回弱势震荡。硅铁1805:宽幅震荡，6000-6300区间操作。                                            (责任编辑：DF350)"
"硅铁：价格可能会重回弱势震荡","　　1、基本面：硅铁整体仍处于供过于求的局面，钢厂方面减停产频频，对于合金采购压价心态较强；偏空。 　　2、基差：现货价格6000，基差-150，现货贴水期货；偏空。 　　3、库存：仓单6张，厂家减产力度加大，库存开始有所消化；中性。 　　4、盘面：20日线向下，期价在20日线上方运行；中性。 　　5、主力持仓：主力持仓净空，空增；偏空。  　　6、结论：前期价格上涨跟需求并无太大关系，而没有需求支撑，价格可能会重回弱势震荡。硅铁1805:宽幅震荡，6050-6350区间操作。                                            (责任编辑：DF350)"
"硅铁：厂家或有一定程度挺价","　　1、基本面：终端钢厂当前环保风暴逐级上升，市场采购情绪偏弱；偏空。 　　2、基差：现货价格6000，基差-500，现货贴水期货；偏空。 　　3、库存：仓单6张，厂家减产力度加大，库存开始有所消化；中性。 　　4、盘面：20日线向上，期价在20日线上方运行；偏多。 　　5、主力持仓：主力持仓净空，空增；偏空。  　　6、结论：短期内预计下周在供应端环保减停产提振下，下周市场低价资源或将有所减少，厂家或有一定程度挺价，但有待观望。硅铁1805:日内轻仓逢低试多。                                            (责任编辑：DF350)"
"商品期货走势分化硅铁领涨 双粕尾盘拉升","摘要            【商品期货走势分化硅铁领涨 双粕尾盘拉升】东方财富网17日讯，周二商品期货市场走势分化，硅铁领涨，双粕尾盘急速拉升，截至收盘，硅铁涨4.70%，动力煤涨2.74%，沪铝涨2.40%，锰硅、豆粕、菜粕、焦炭、沪锡、沪铅涨逾1%，沪铜、沪锌、PTA等上涨；橡胶、铁矿石、白糖、棕榈跌逾1%，PP、塑料、螺纹钢等下跌。                             　　东方财富网17日讯，周二商品期货市场走势分化，硅铁领涨，双粕尾盘急速拉升，截至收盘，硅铁涨4.70%，动力煤涨2.74%，沪铝涨2.40%，锰硅、豆粕、菜粕、焦炭、沪锡、沪铅涨逾1%，沪铜、沪锌、PTA等上涨；橡胶、铁矿石、白糖、棕榈跌逾1%，PP、塑料、螺纹钢等下跌。　　动力煤短期反弹空间有限　　从基本面来看，南华期货分析师张元桐解释，供应方面，目前山西多地煤矿企业通过点对点签订合同试图将煤炭销往河北、山东等省，但销售状况依然不容乐观；库存方面，主要中转港口库存依旧居高不下，秦港库存稳定维持650万吨水平，不过中短期有望掉头向下；下游电厂库存上周小幅回调，但周平均仍维持1400万吨以上，煤炭日耗稳中有升，推升北方港口锚地及预到船舶数量均止跌企稳，收紧进口煤，将提高内贸煤需求占比，对高企的库存消化有积极作用，将对煤价提供支撑。　　华泰期货分析师孙宏园分析，目前周边市场情绪不稳加之现货疲软继续拖累盘面，但上周五盘后二类口岸进口煤限制的消息重燃市场试多热情。其实有关二类口岸进口煤限制的消息3月下旬就开始放出，但当时只是局部地区，市场影响有限，二类口岸进口煤占比20-30%，如果各地陆续启动限制，对淡季煤价下跌能够起到一定的缓冲，但考虑到供给侧改革对进口煤的定义就是多停少补，二类口岸间歇性限制对市场只是一个弹性调节，趋势性逆转很难。　　“对于9月合约来说，虽然是季节性旺季合约，但在终端地产基建大周期下行预期下反弹空间料将有限，短期关注二类口岸进口限制对现货市场情绪的影响以及淡季电厂日耗回升的持续性。”他说。　　“上周，动力煤期货主力合约已由1805过渡至1809合约，虽然移仓导致1809合约持续下探，但进口煤收紧政策利好促使多头力量爆发，煤价基本见底，但高库存仍然施压，宏观施压工业用电需求，水电释放情况有待观测，凭借夏季用煤需求的持续好转，5月后煤价有望止跌转升。”张元桐预计。　　玉米期价短期难有起色　　“玉米市场正式进入拍卖季，玉米市场供需格局将要改变。从拍卖情况来看，上周玉米拍卖成交火爆，二等玉米大多溢价成交，一定程度上支撑国内玉米现货价格，延缓玉米跌势。”方正中期期货研究指出，随着临储玉米投放的正式启动，虽然玉米尚未投放到市场，玉米供给和需求方面也都发生了明显的变化，玉米供给出现了明显的增加。3月中旬以来，市场就弥漫着抛储气息，基层农户和贸易商囤货风险加大，惜售情绪出现明显松动，出货较为积极，南北方港口玉米库存出现了明显下降。　　不过，玉米需求也出现相对疲软的态势。究其原因，方正中期期货研究称，首先，随着玉米抛储临近，玉米市场看空情绪浓厚，深加工企业和饲料养殖企业玉米尚都处于安全库存，并不急于继续建仓，随买随用。其次，尽管3月中旬深加工补贴落地，深加工企业利润出现好转，但大多企业仍处于盈亏平衡状态，对于玉米采购积极性不佳。再次，饲料养殖方面更是较为惨淡，2018年以来生猪价格连续大跌，养殖利润亏损持续扩大，能繁母猪和生猪存栏量持续下滑，对于玉米需求一直较为疲软。　　据该机构预计，规模性玉米拍卖启动以后，玉米供需格局由阶段性偏紧转为宽松。玉米期货1809合约预计承压运行。操作上，建议空单持有为主。                                            (责任编辑：DF350)"
"黑色系小品种大爆发 硅铁涨停锰硅涨近5%","摘要            【黑色系小品种大爆发 硅铁涨停锰硅涨近5%】东方财富网13日讯，周五商品期货市场多数上涨，截至收盘，硅铁涨停，涨6.03%，锰硅涨4.73%，沪镍、沪铝、螺纹、热卷、焦炭、郑醇、铁矿、玻璃、鸡蛋等涨逾1%，原油、橡胶、玉米、菜粕、焦煤等上涨。沪锌跌1.8%，豆二跌1.20%，沪银、沪金、沪铅、沪铜、PVC、白糖、塑料、沪锡等下跌。                             　　东方财富网13日讯，周五商品期货市场多数上涨，截至收盘，硅铁涨停，涨6.03%，锰硅涨4.73%，沪镍、沪铝、螺纹、热卷、焦炭、郑醇、铁矿、玻璃、鸡蛋等涨逾1%，原油、橡胶、玉米、菜粕、焦煤等上涨。沪锌跌1.8%，豆二跌1.20%，沪银、沪金、沪铅、沪铜、PVC、白糖、塑料、沪锡等下跌。　　国内铝价二季度上涨概率大　　多位业内人士表示，国内铝市短期可能呈现近强远弱格局。　　“总体来看，供应在6月份开始面临压力，消费又无法使库存出现超预期的降幅，甚至在3季度还会有累库的风险。沪铝短期可能受国内去库叠加外盘铝短缺因素，有利好铝价，偏强一些，但是中期来看，国内铝价面临不小的压力。”永安期货有色金属分析师蒋欣诚认为。　　“我们预计二季度铝价大概率是上涨的。”东证期货铝分析师孙伟东分析，首先，铝价在成本线附近运行，处于相对底部。其次，尽管有部分新增产能以及采暖季复产产能在二季度投放，但受到去年供给侧改革的影响，今年二季度原铝供给量同比预计仍有所减少。　　“而从需求来看，二季度是铝下游需求的旺季，因此我们预计，随着下游企业的订单以及开工逐渐回暖，会造成铝锭库存的下降。根据我们测算，二季度库存降幅可能达到20万吨至40万吨。铝价也会随着库存的企稳、下降而获得上行动能。”孙伟东说。　　从铝价走势对相关股票投资的影响来看，孙伟东分析，对于铝行业来说，股票表现与期货价格走势具有很高的关联度。我们对二季度铝价看好，因此预计在此期间与铝相关的股票也会有较好的表现。尤其可以关注今年有新增电解铝产能投产的上市企业，以及具有深加工能力的下游铝材企业。　　“不过投资者需要注意的是，从今年全年来看，铝行业总体可能仍处于供需平衡的状态，因此铝价全年涨幅预计有限。”他说。　　苹果供需格局或重塑　　苹果是我国北方地区主要种植水果，对于陕西、甘肃、山东等地农村地区的就业和民生起到很大作用，2006年至2015我国苹果价格总体现货呈现震荡上涨态势，果农种植收益不断提高，种植积极性提高带动种植面积不断增加。　　“按照果树的生长规律，几年前种下的果树将陆续实现挂果，产量也将进一步增加，由此可以看出，若天气正常，2018/2019年我国苹果依旧难改2016/2017年以来的供大于求的局面。但此次冻害重创苹果主要产区，从各家机构调研来看，灾害已经对产量和优果率产生较大实质性影响，2018/2019年苹果供需格局有望从宽松转向平衡。”南华期货表示。　　鉴于上述分析，南华期货表示，本周西北地区、华北地区早春冻害将对苹果基本面产生深远影响，对苹果1805合约的影响主要是通过早熟苹果和其他北方水果受冻减产，从而减少冷库富士后期替代品竞争压力，当前市场上出现了久违的存货商、炒货客商积极询价现象，表明部分贸易商改变了对后市的悲观态度，市场信心得到一定增强。对苹果1810合约的影响主要是通过减产降低优果率来提高采摘季收购价格。总体来看，此前预计的2018/2019年供需宽松格局被此次冻害打破，采摘季优果率低将难以避免，预期供需格局被重塑，届时好果收购价将得到明显支撑。　　瑞达期货分析师表示，从国内主产区来看，现货市场苹果价格保持稳定，果农库存较高，随着清明节结束，果农急售心理加强，但好果价格优势明显，市场仍以质论价；临近5月苹果交割，交割物将成为市场的关注点，其中陕西和山东的纸袋苹果仓单成本过高，预计将造成一定的交割压力，且叠加临近限仓等因素。不过，由于近期北方苹果产区受到降温影响，市场多头炒作将延续。操作上，建议在苹果期货1810合约可逢低做多，目标位看至7200元/吨，止损120点附近。                                            (责任编辑：DF350)"
"商品早盘多数飘红 硅铁上涨2.86%","摘要            【商品早盘多数飘红 硅铁上涨2.86%】东方财富网13日讯，周五早盘商品市场多数上涨，截至中午收盘，硅铁涨2.86%，沪镍涨2.12%，沪铝、硅锰、热卷、鸡蛋、螺纹、铁矿涨逾1%，玻璃、焦炭、甲醇、淀粉等上涨；沪锌、豆二、沪铅跌逾1%，菜油、沪银、豆油、动煤等下跌。                              　　东方财富网13日讯，周五早盘商品市场多数上涨，截至中午收盘，硅铁涨2.86%，沪镍涨2.12%，沪铝、硅锰、热卷、鸡蛋、螺纹、铁矿涨逾1%，玻璃、焦炭、甲醇、淀粉等上涨；沪锌、豆二、沪铅跌逾1%，菜油、沪银、豆油、动煤等下跌。 　　国内铝价二季度上涨概率大 　　多位业内人士表示，国内铝市短期可能呈现近强远弱格局。 　　“总体来看，供应在6月份开始面临压力，消费又无法使库存出现超预期的降幅，甚至在3季度还会有累库的风险。沪铝短期可能受国内去库叠加外盘铝短缺因素，有利好铝价，偏强一些，但是中期来看，国内铝价面临不小的压力。”永安期货有色金属分析师蒋欣诚认为。 　　“我们预计二季度铝价大概率是上涨的。”东证期货铝分析师孙伟东分析，首先，铝价在成本线附近运行，处于相对底部。其次，尽管有部分新增产能以及采暖季复产产能在二季度投放，但受到去年供给侧改革的影响，今年二季度原铝供给量同比预计仍有所减少。 　　“而从需求来看，二季度是铝下游需求的旺季，因此我们预计，随着下游企业的订单以及开工逐渐回暖，会造成铝锭库存的下降。根据我们测算，二季度库存降幅可能达到20万吨至40万吨。铝价也会随着库存的企稳、下降而获得上行动能。”孙伟东说。 　　从铝价走势对相关股票投资的影响来看，孙伟东分析，对于铝行业来说，股票表现与期货价格走势具有很高的关联度。我们对二季度铝价看好，因此预计在此期间与铝相关的股票也会有较好的表现。尤其可以关注今年有新增电解铝产能投产的上市企业，以及具有深加工能力的下游铝材企业。 　　“不过投资者需要注意的是，从今年全年来看，铝行业总体可能仍处于供需平衡的状态，因此铝价全年涨幅预计有限。”他说。 　　苹果供需格局或重塑 　　苹果是我国北方地区主要种植水果，对于陕西、甘肃、山东等地农村地区的就业和民生起到很大作用，2006年至2015我国苹果价格总体现货呈现震荡上涨态势，果农种植收益不断提高，种植积极性提高带动种植面积不断增加。 　　“按照果树的生长规律，几年前种下的果树将陆续实现挂果，产量也将进一步增加，由此可以看出，若天气正常，2018/2019年我国苹果依旧难改2016/2017年以来的供大于求的局面。但此次冻害重创苹果主要产区，从各家机构调研来看，灾害已经对产量和优果率产生较大实质性影响，2018/2019年苹果供需格局有望从宽松转向平衡。”南华期货表示。 　　鉴于上述分析，南华期货表示，本周西北地区、华北地区早春冻害将对苹果基本面产生深远影响，对苹果1805合约的影响主要是通过早熟苹果和其他北方水果受冻减产，从而减少冷库富士后期替代品竞争压力，当前市场上出现了久违的存货商、炒货客商积极询价现象，表明部分贸易商改变了对后市的悲观态度，市场信心得到一定增强。对苹果1810合约的影响主要是通过减产降低优果率来提高采摘季收购价格。总体来看，此前预计的2018/2019年供需宽松格局被此次冻害打破，采摘季优果率低将难以避免，预期供需格局被重塑，届时好果收购价将得到明显支撑。 　　瑞达期货分析师表示，从国内主产区来看，现货市场苹果价格保持稳定，果农库存较高，随着清明节结束，果农急售心理加强，但好果价格优势明显，市场仍以质论价；临近5月苹果交割，交割物将成为市场的关注点，其中陕西和山东的纸袋苹果仓单成本过高，预计将造成一定的交割压力，且叠加临近限仓等因素。不过，由于近期北方苹果产区受到降温影响，市场多头炒作将延续。操作上，建议在苹果期货1810合约可逢低做多，目标位看至7200元/吨，止损120点附近。                                            (责任编辑：DF350)"
"4月8日硅铁市场全国主要地区报价小幅下跌","产品牌号出厂价地区备注硅铁72#5700--5900内蒙承兑含税硅铁72#5700--5900甘肃承兑含税硅铁72#5600--5900青海承兑含税硅铁72#5700--5900宁夏承兑含税硅铁72#5600--5800陕西承兑含税硅铁72#4800--5100安阳现金不含税硅铁75#5900--6100内蒙承兑含税硅铁75#5900--6100甘肃承兑含税硅铁75#5900--6100青海承兑含税硅铁75#5900--6100宁夏承兑含税硅铁75#5900--6100陕西承兑含税                                            (责任编辑：DF370)"
"马鞍山钢铁4月硅铁采购价格敲定6200元/吨","　　马鞍山钢铁4月硅铁采购价格敲定6200元/吨，较上月采购价格下调700元/吨，采购量1200吨。                                            (责任编辑：DF370)"
"中信泰富4月硅铁采购价格敲定6200元/吨","　　中信泰富4月硅铁采购价格敲定6200元/吨，较3月采购价下调900元/吨，采购量400吨。                                            (责任编辑：DF370)"
"三明钢铁敲定4月硅铁75B招标价格为6190元/吨","　三明钢铁敲定4月硅铁75B招标价格为6190元/吨，较3月定价下跌808元/吨。                                            (责任编辑：DF370)"
"河钢敲定4月硅铁75B招标价格为6300元/吨","　　河钢敲定4月硅铁75B招标价格为6300元/吨，较3月定价下跌900元/吨，采购量为2280吨，较于3月采购量减少1620吨。                                            (责任编辑：DF370)"
"黑色系全线下挫 螺纹钢跌停铁矿石跌逾6%","摘要            【黑色系全线下挫 螺纹钢跌停铁矿石跌逾6%】东方财富网23日讯，周五商品期货市场多数飘绿，黑色系集体下挫，截至收盘，橡胶、螺纹钢跌停，橡胶跌7.03%，螺纹钢跌7.01%，铁矿石跌6.42%，焦炭跌5.80%，热卷跌5.40%，焦煤跌4.43%，玻璃跌3.58%，沪镍跌3.07%，甲醇跌3.03%，PP、动煤、硅锰跌逾2%，沪锡、硅铁、塑料、沪铜、PVC、沪铅、PTA、沪铝跌逾1%；而涨幅方面，沪金涨1.37%，豆粕涨1.36%，苹果涨1.28%，豆一涨1.16%，菜粕涨1.09%。                             　　东方财富网23日讯，周五商品期货市场多数飘绿，黑色系集体下挫，截至收盘，橡胶、螺纹钢跌停，橡胶跌7.03%，螺纹钢跌7.01%，铁矿石跌6.42%，焦炭跌5.80%，热卷跌5.40%，焦煤跌4.43%，玻璃跌3.58%，沪镍跌3.07%，甲醇跌3.03%，PP、动煤、硅锰跌逾2%，沪锡、硅铁、塑料、沪铜、PVC、沪铅、PTA、沪铝跌逾1%；而涨幅方面，沪金涨1.37%，豆粕涨1.36%，苹果涨1.28%，豆一涨1.16%，菜粕涨1.09%。　　螺纹钢承压下行概率较大　　在供给侧结构性改革的驱动下，钢厂持续保持着较好利润，盈利钢厂数维持稳定。数据显示，截至3月16日当周，全国盈利钢厂数占85.28%，连续第十九周保持着这一比例。粗钢产量居高不下。数据显示，2月下旬，国内粗钢日均生产229.85万吨，环比2月上旬增加5.09万吨/天，日均生产处于今年以来最高水平，且已经接近去年10月中旬时的水平。　　前期，由于需求释放不能有效跟进，国内钢材库存不断累积，社会库存最高时达到1965.16万吨，为近五年来的次高水平，螺纹钢最高时达到1082.39万吨，为近五年来的最高水平。但随着节后需求的缓慢释放，库存开始被消化。数据显示，截至3月16日当周，国内钢材库存合计1947.99万吨，环比前一周减少17.17万吨，为今年以来第一周减少。其中，螺纹钢库存合计1073.24万吨，环比前一周减少9万吨，同样为今年以来库存累积后第一周减少。后期钢厂复产是大概率事件，若需求释放依然不能有效跟进，即需求恢复不及生产恢复力度，则钢材整体将继续承压，螺纹钢价格也会下行。　　节后需求不足令螺纹钢库存持续累积，导致螺纹钢期货不断承压下行。主力合约1805跌破去年12月低点3740元/吨后，呈现一路下探之势。高库存压力下，需求不足叠加钢厂后期的复产需求，短期螺纹钢继续走低的概率较大。　　甲醇市场强势或难以为继　　数据显示，前期检修的国内甲醇装置于本月下旬开始陆续恢复生产，到4月中旬将基本恢复供应。当前甲醇价格强势再度使得下游利润萎缩，部分下游厂家持续按需采购，一定程度上压制了甲醇涨势。而陕北某外采甲醇制烯烃装置、浙江某甲醇制烯烃装置将于4月开始检修，其外采量将在近期开始减少，江苏地区某甲醇制烯烃装置在推迟检修后，计划在5月下旬实施检修。仅以上三套烯烃装置减少的甲醇外采量，预期就在40万吨左右。　　根据天然气制甲醇装置复产的时间来看，本月下旬，华东港口将陆续接到国内西南地区的甲醇供应。而此时西北检修装置会陆续复产，烯烃装置开始检修，整个供需矛盾将再度尖锐，供大于需的场景也会再度出现。　　今年是全球甲醇装置大量上马的一年，据测算，仅国内就有约1000万吨/年的甲醇产能计划于今年陆续投产，而伊朗、美国也有接近800万吨/年的甲醇产能将于今年建成。就下游需求来看，部分烯烃的配套甲醇装置将于烯烃装置之前投产，不排除外销的可能。而去年因种种原因建成但未投产的国内约300万吨/年的甲醇装置也将于今年上半年开始投产。整个供需面依旧严峻。　　当前国内甲醇现货市场因检修装置意外增多、下游需求启动而逐步走强，但自本月下旬起，前期检修的甲醇装置陆续复产、外采甲醇制烯烃装置开始检修等利空因素又逐步抬头，加之今年有大量的甲醇装置将要投产，后市甲醇供需矛盾依旧较为尖锐。因此，甲醇市场的强势或难以为继，后市预期欠佳。                                            (责任编辑：DF350)"
"2月28日金属硅日评：下游按需补库 硅交易气氛渐增","　　今日部分规格金属硅小幅上涨，因自然月交替的原因，近两日下游企业月度采购逐渐增多，从报价上看一些货源较少的规格持货商报价较春节前上调100元/吨左右，还有部分规格报价持平。随着交易量逐渐恢复，持观望态度的采购商也会逐渐入市采购补库，部分规格或存小幅上涨机会。                                            (责任编辑：DF010)"
"2月27日金属硅日评：化学级硅价格坚挺","　　今日金属硅价格基本稳定，部分地区化学级硅价成交重心小幅上移。天津港421#成交集中在15800元/吨附近，个别硅厂早在2月初就已经签好3月交货的订单，而还有部分硅厂将在近日签订下月订单。由于矿山资质原因，优质矿石开采量较往年减少，大多硅厂都面临优质产品产量下降的困境，这对硅厂来说无异于生产成本的增加。再加上年后各家工厂资金相对宽裕，多数生产化学级硅的硅厂报价坚挺。                                            (责任编辑：DF010)"
"2月26日金属硅日评：北方检修硅厂复产 下游消费平淡待提振","　　今日硅价基本稳定，不通氧553#硅黄埔港成交区间在13000-13100元/吨，天津港在13000元/吨附近。据SMM了解，在春节期间检修的一些北方工厂将在近几日陆续点火生产，预计下周开始正常出货，而多数南方硅厂因电价较高及供电量不足的原因复产时间最早在5月。消费方面，部分铝合金企业还未复产，需求有待提升。                                            (责任编辑：DF010)"
"2月23日金属硅日评：市场货源不多 硅厂报价趋涨","　　今日部分冶金级金属硅价格小幅上行调整，昆明不通氧553#硅在12800-12900元/吨，3303#在15100-15300元/吨。南方硅厂开工数量不多，主产区川滇两省硅厂仅余少数正常开炉，个别规格货源较少，硅厂因此调高报价，低价货源很难见到。某贸易商表示，因为个别规格采购困难的缘故，硅厂报价上涨也在情理之中，但要等到下游客户开始采购、自己接到实单之后才会开始买货。因本周交易时间较短，很多贸易商假期延长至本周末，预计下周开始市场交易将逐渐恢复正常。                                            (责任编辑：DF010)"
"2月22日金属硅日评：长假结束硅市暂稳","　　今日金属硅价格基本稳定，不通氧553#硅黄埔港交易价在13000元/吨左右。长假结束上下游企业及中间商陆续返市，但首个交易日市场仍较为冷清，假期氛围还未完全散去。部分硅厂将假期积攒的货物陆续发出，新单报价与节前基本一致，个别硅厂小幅上调报价以试探市场。                                             (责任编辑：DF010)"
"2月14日金属硅日评：部分市场人士后市看法乐观","　　今日金属硅价格维持平稳，天津港不通氧553#硅在13000元/吨上下。近两周硅价始终平稳运行，而对于节后各牌号硅价是否能延续节前走势，各方有不同看法。部分认为短期硅厂开工数量不会有很大变化，供应未增、社会库存减少的情况下，一些牌号或有可能在交易恢复正常水平后开始缓步上涨。                                            (责任编辑：DF010)"
"2月13日金属硅日评：云南在产硅厂数量不多","　　今日硅价继续稳定，昆明不通氧553#硅价格在12700-12900元/吨，3303#在15000-15200元/吨。因电价高企、供电不足等原因云南硅厂开工数量降至全年中开工最低的阶段，1月云南硅厂开工率环比减少19个百分点。主产区德宏、保山、怒江三地仅有个别硅厂还在生产，且以生产化学级硅为主。                                            (责任编辑：DF010)"
"2月12日金属硅日评：港口仓库进出货较少 硅社会库存维持平稳","　　今日金属硅价格稳定，不通氧553#硅黄埔港交易价在13000元/吨左右，天津港交易价在12900-13000元/吨。本周港口仓库交易基本停滞，除了零星有到货外，其余业务基本暂停。仓库负责人表示，从上周开始仓库进出货数量都很少，从正月初七开始，所有业务将恢复正常。                                            (责任编辑：DF010)"
"2月9日金属硅日评：福建一季度电价确定 个别硅厂计划复产","　　今日各地硅价平稳运行，福建不通氧553#硅成交价在13300-13400元/吨，3303#在16400-16500元/吨。福建省1月开工率环比变动不大。电价方面，福建省一季度大工业用电优惠标准确定，主产地三明电价与2017年四季度相比有所下调，当地少数停产硅厂计划复产。                                            (责任编辑：DF010)"
"假期氛围弥漫 硅市交易清淡","　　本周各牌号硅价基本稳定，各地市场均表现出浓厚的假期氛围，新单成交数量不多。生产方面，在产硅厂开工基本稳定，仅有北方个别硅厂选择在春节期间停炉检修。国内下游客户为假期期间生产而储备的库存多已在本周到货，库存充裕的情况下询价的意愿也较低。由于下周仅有三天交易日，大多数贸易商将从本周末开始春节休假。至于节后市场，部分贸易商表示因开工厂家数量不多，假期结束交易量完全恢复后，部分规格或有上涨可能；而还有部分认为节后新疆新建产能投产数量以及下游的消费状况还有一些不确定性，价格走势很难预测。                                            (责任编辑：DF010)"
"2月8日金属硅日评：硅出口商后市看法不一","　　今日国内硅价继续持稳，出口则因汇率变动成交上涨明显，不通氧553#硅FOB主流区间在2050-2080美元/吨之间，3303#在2430-2460美元/吨。虽然目前出口商报价与外商接受价格之间尚有差距，但可以看到实际成交水平有明显的上涨趋势，汇率变动带来的硅价上涨已经逐渐被买家所接受。对于后市各出口商有不同观点，主要是基于对汇率走势判断的不同。部分认为人民币对美元汇率将延续上涨走势，因此远期订单的报价高于即期订单；而另一种观点则认为未来汇率将有所回复，因此远期订单报价低于即期订单。                                            (责任编辑：DF010)"
"2月7日金属硅日评：硅出口商难于报价","　　今日国内市场交易数量继续减少，人民币价格基本稳定，但受汇率波动影响，许多出口商继续上调美金报价。本周一些国家陆续释放二季度订单，一些贸易商核算成本后的新报价与12月前后签订的一季度订单相比高出300美元/吨以上，且加上对人民币继续升值的预期，很多出口商表示不知道该按多少的汇率核算成本，报价太高客户无法接受，但若按目前汇率报价则亏损的可能性较大，报价很难调整。                                            (责任编辑：DF010)"
"2月6日金属硅日评：部分市场人士看涨化学级硅","　　今日金属硅各规格价格继续稳定，421#黄埔港成交价在15200-15400元/吨，天津港成交价在15600-15800元/吨。化学级硅月度采购基本结束，目前国内下游企业备货多至3月下旬。由于春节之后的很长一段时间硅厂开工负荷将维持低位，因此部分市场人士认为节后化学级硅价上涨的可能性较大。                                            (责任编辑：DF010)"
"2月5日金属硅日评：昆明运输车辆减少","　　今日金属硅价格继续持稳，不通氧553#硅黄埔港在13000元/吨上下。周一市场交易不多，部分贸易商表示春节假期前需要完成发货的订单基本已经发出，因此已经开始休假。目前昆明至广州的汽运运费相比上周涨幅接近50%左右。云南某仓库负责人表示因为运输车辆越来越少，从本周至春节前的这段时间，汽运运费将开始一日一价的涨价模式。                                            (责任编辑：DF010)"
