标题,正文
7月31日吉林省肉毛鸡市场行情动态,　　2018年07月31日，吉林省肉毛鸡价格如下：　　吉林丰满肉毛鸡国产的出厂报价为8.60元/公斤，和30日相比下跌了0.10元/公斤。　　德惠市肉毛鸡国产的出厂报价为8.56元/公斤，和30日相比下跌了0.04元/公斤。                                            (责任编辑：DF318)
7月31日河北省肉鸡苗市场行情动态,　　2018年07月31日，河北省肉鸡苗价格如下：　　唐山市肉鸡苗国产的出厂报价为6.60元/公斤，和30日相比上涨了0.30元/公斤。                                            (责任编辑：DF318)
7月31日山东省肉鸡苗市场行情动态,　　2018年07月31日，山东省肉鸡苗价格如下：　　临沂市肉鸡苗国产的出厂报价为7.40元/公斤，和30日相比上涨了0.20元/公斤。　　青岛市肉鸡苗国产的出厂报价为6.90元/公斤，和30日相比上涨了0.30元/公斤。　　潍坊市肉鸡苗国产的出厂报价为7.20元/公斤，和30日相比上涨了0.20元/公斤。                                            (责任编辑：DF318)
机构论市：商品期货走势分化 鸡蛋期货收涨1.9%,摘要            沪指收报2882.23点，跌0.74%，成交额1575亿；深成指收报9352.25点，跌1.18%，成交额2227亿；创业板收报1606.12点，跌1.61%，成交额762亿；今日商品期货走势分化，其中鸡蛋期货收涨1.9%、原油收涨1%，郑棉、玻璃等期货品种收跌。                             　　沪指收报2882.23点，跌0.74%，成交额1575亿；深成指收报9352.25点，跌1.18%，成交额2227亿；创业板收报1606.12点，跌1.61%，成交额762亿；今日商品期货走势分化，其中鸡蛋期货收涨1.9%、原油收涨1%，郑棉、玻璃等期货品种收跌。 　　金属：沪铜1809合约小幅收阳减仓横盘，短期压力仍然关注黄金分割位置0.382一线，上破则继续反弹预期，操作上建议等待反弹51000一线试空为主；沪锌1809合约日线收星，伴随减仓显示多空势均力敌，压力22000，暂且低位震荡思路； 　　贵金属：国内黄金1812合约收下影线小阳线，短期60日均线形成市场压力，操作上270一线参与的反弹多单建议设置保护271，之上谨慎持有，关注压力能否上破；白银1812合约减仓收星，多空分歧降低，短期压力3700，操作上关注如何反弹； 　　黑色：螺纹钢1810合约高开减仓下探，尾盘收下影小阳线，短期继续关注4000点位资金走向，支撑3900，短线参与；铁矿1809合约平开减仓震荡，短期继续关注480压力有效性，有效上破看490，支撑暂看460，短线参与； 　　化工：国内原油1809合约高开下探，短期支撑480，压力511，反弹后参与；橡胶1809合约高开震荡，短期支撑10050，短线参与；L1809合约平开震荡，短期压力关注9570，支撑9300，日内参与；PP1809合约低开弱势震荡，短期压力9570，支撑9430，短线参与；TA1809合约低开震荡，短期压力6680，支撑暂看6000，短线参与； 　　农产品：国内豆粕1901合约高开高走收阳，日内3200一线承压，短期关注日线60日均线支撑，短线偏多思路参与；菜粕1901合约高开高走收阳，伴随增仓，表明多头入场较为主动，短期关注2450一线支撑，前期高点压力，回调参与反弹；棕榈油1901合约增仓收阳，短期关注4700一线整数关口支撑，近期高点压力，短线反弹思路参与； 　　其它：白糖1901合约日线收阳反弹，压力5100，结构上仍是3浪反弹结构，低位震荡思路；玉米1901合约震荡收星，短期关注日线60日均线支撑，若下破则有望下行测试1800点，压力1860，关注支撑有效性参与；玻璃1809合约减仓收阴，1500一线尝试的空单建议设置保护性止盈。                                            (责任编辑：DF318)
7月25日大商所鸡蛋期货午盘报价,合约名称开盘价最高价最低价最新价涨跌成交量持仓量昨日结算jd18084214428542144273653256125304208jd18094044407040424052-3602961289504055jd18103549355735463553151398135463538jd18113532354335323535410223683531jd1812364036483639364241149863638jd190137513782375137651719944639363748jd19023466350934663481192788023462jd19033415343834103410-18220223410jd1904346334773463347711101903466jd190535353553353535401259456183528                                            (责任编辑：DF318)
鸡蛋价格触底上涨 西红柿炒鸡蛋需少放一个蛋？,摘要            6月下旬鸡蛋价格经历一个低谷后，7月中旬开始出现报复性上涨，目前一些地方已突破每斤4元大关，成为春节过后鸡蛋价格的最高点。网友戏称的“火箭蛋”再次来袭了？                             　　6月下旬鸡蛋价格经历一个低谷后，7月中旬开始出现报复性上涨，目前一些地方已突破每斤4元大关，成为春节过后鸡蛋价格的最高点。网友戏称的“火箭蛋”再次来袭了？　　鸡蛋价格触底反弹　　6月下旬起，鸡蛋价格持续走低，7月3日，主产区鸡蛋均价降至2.91元/斤，蛋价重回2时代。　　卓创资讯分析师张文萍称，端午节过后鸡蛋市场走货速度减慢，食品企业需求欠佳，加上老鸡蛋、小鸡蛋走货均略有难度，生产、流通环节余货逐渐增多，使得蛋价逐步走低。　　但价格“低谷”并没有持续多长时间，7月10日前后蛋价开始触底反弹，持续上涨。　　农业农村部全国农产品批发市场价格信息系统发布的数据显示，7月23日鸡蛋均价为7.90元/公斤，比上周五上涨1.9个百分点。　　天气变热、产量下降推动价格上涨　　对于鸡蛋价格上涨的原因，石家庄养鸡协会副会长杨广平告诉中新网记者，6月底因天气转热、高温雨水天气增多，母鸡产蛋量下降，再加上人们对鸡蛋的需求量增加，导致蛋价接连上涨。　　张文萍也认为，因为气温升高，蛋鸡产蛋率出现下滑，供应能力下降。　　张文萍说，前期蛋价跌至低位后，下游各级经销商拿货积极性有所提高。另外，部分地区还存在小码鸡蛋入冷库的现象，需求好转后，库存减少，缓解了走货压力，使得价格强势反弹。　　对于养鸡户和鸡蛋供应商，鸡蛋价格上涨是个好消息。　　河南新密市张湾村养鸡户赵德财告诉记者，“鸡蛋价格在前期涨了一些，虽然近几天有点回落，但现在卖出的价格是3.6元/斤，这个价格已超过成本，总体来说还可以。”　　以后只能吃西红柿西红柿西红柿……炒鸡蛋了？　　对于鸡蛋价格上涨，有位网友说，以后在学校只能吃西红柿、西红柿、西红柿、西红柿、西红柿炒鸡蛋了。　　再做西红柿炒蛋，估计很多人要少放一个鸡蛋了。　　不过还有网友表示以后吃煎饼果子，终于可以勇敢的加蛋了。　　一些网友比较有“先见之明”，趁着超市价格还没涨，说要抢购鸡蛋。　　一位大妈告诉记者，“前段时间，鸡蛋一斤才3.4元，但没等几天就涨到了现在的3.9元。幸亏自己在鸡蛋价格便宜的时候屯了一些，根据去年的情况，接下来应该会降，不降的话再贵也得买，实在不行就少吃点。”　　不过，现实情况可能跟上述这位大妈的预期相反。希望这位大妈家里屯的鸡蛋能坚持到全年价格最高点之后。　　鸡蛋价格全年最高点料将到来　　杨广平向记者分析，按照往年的情况，鸡蛋价格还要继续上涨，预计到8月底或者9月上旬才能有所回落。　　“学校一般会在9月份开学之前囤积鸡蛋，月饼生产厂家也会在中秋节之前提前囤积。”杨光平说，8月份受学生开学等因素影响，价格会持续走高，到达全年最高点，但价格不会太高，应该在预期之内。　　卓创资讯分析师邹晓冬也表示，当前市场整体货源压力不大，部分市场还有1-2天余货，进入伏天后，蛋鸡产蛋率下降，个别养殖场蛋鸡产蛋率下降了10%左右，短期来看鸡蛋供应面不会出现明显增加。需求上，则随着8月份鸡蛋需求旺季的到来，整体行情持续向好。　　在行业人士看来，目前鸡蛋价格持续上涨，零售价价格偏高，预计市场还要一段时间消化后价格才会回落。                                            (责任编辑：DF318)
猪价维持稳中上升趋势 鸡蛋期现价差收窄,　　7月23日生猪鸡蛋行情回顾 数据来源：wind 中粮期货研究院　　猪价稳中上升蛋价上涨见顶企稳 　　卓创数据显示，昨日国内猪价稳中上升，出栏均价13.02元/公斤，头均盈利130元。生猪供应紧张，屠宰企业收购不畅，加之规模场养殖场生猪出栏积极性不高，养殖户惜售，市场整体紧张局面，猪价上涨。如前期判断，去年冬季猪场腹泻更为严重，春节月份为传统补栏淡季，7-8月活猪供应环比下降，标猪供应量较为紧缺，近期猪价仍将维持震荡上行的走势，价格区间看到【12.5-13.5】元/千克。 　　昨日全国鸡蛋现货价格以稳为主，局部地区继续上涨，产区均价3.64元/500克，养殖利润良好。近期蛋价上升主要是由于各环节库存较低，高温减产，多地降雨影响鸡蛋运输，目前这些短期因素均有所缓解，此轮蛋价上升趋于见顶企稳。芝华数据显示，6月在产蛋鸡存栏量环比小幅增加，鸡蛋供应仍处于历年较低水平，同时气温逐步升高影响产蛋率，后期随着中秋备货启动，鸡蛋现货仍有上涨空间。 　　鸡蛋操作建议 　　昨日鸡蛋主力合约1809开盘后走弱，创造40日以来的阶段性新低4066元/吨，大有改势势头，1901合约区间震荡小幅走弱，9-1价差大幅回落至330元/500千克。随着蛋鸡产能逐步恢复，鸡蛋供应环比增加的趋势逐步强化，市场对鸡蛋1809合约的中秋行情普遍持谨慎态度，盘面上方压力始终较大。短期来看中秋行情走势较为坎坷，风险在于中秋行情还有多少空间和时间，多单需及时逢高平仓。近期1901合约长远看为空头趋势，考虑中秋反弹后入场做空。                                            (责任编辑：DF318)
7月24日大商所鸡蛋期货开盘报价,合约名称开盘价最高价最低价最新价涨跌成交量持仓量昨日结算jd18084197421241864202-281172124104230jd18094070408340514069-28176201239944097jd18103528354235283542-6252146223548jd18113512352935123529-825443529jd181236343642363336341529343633jd19013746375237383748-52348661883753jd19023460346034603460-3-9123463jd19033409340934093409--19863409jd19043454345434543454-2-1903456jd19053520353135193526-315055123529                                            (责任编辑：DF318)
2018年下半年鸡蛋投资策略展望：高利润难以持续 鸡蛋价格将逐季回落,　　关注焦点：蛋鸡养殖利润，蛋鸡的补栏和老鸡淘汰情况。鸡蛋的季节性特征。环保等政策对蛋鸡养殖的影响。 　　鸡蛋现货价格走势 　　2018年上半年，节日消费仍然主导蛋价。在春节和端午节，蛋价都呈现出节前高、节后低的形式。目前为止蛋价处于端午行情结束后的低位，通常来说，在六月底七月初，随着学校放假和南方梅雨季节的到来，鸡蛋需求放缓，价格承压。 资料来源： Wind，申万期货研究所　　玉米豆粕价格与鸡蛋价格比较 资料来源： Wind，申万期货研究所　　玉米、豆粕为蛋鸡饲料主要来源，对蛋鸡养殖成本影响较大。玉米占蛋鸡饲料原料的62%左右，豆粕占比为24%。今年的4月前后，豆粕价格大幅上涨，再加上当时蛋价较弱，养殖利润一度大幅收缩。随后，随着饲料价格的下跌和蛋价再次上涨，目前养殖利润回到了较为可观的程度。 　　蛋鸡养殖利润、配合饲料价格走势分析 　　进入2018年后，国内蛋鸡养殖利润除了4月前后的一段时间较差以外，其他时间总体保持较好，尤其是2017年9月到2018年2月，养殖利润超过历史高位。根据Wind提供的数据，截止到6月22日，随着蛋价的反弹，蛋鸡养殖企业平均每只蛋鸡盈利17.32元。蛋鸡配合料价格方面，受宏观因素影响，四月前后豆粕大幅上涨，导致了配合料价格的上涨。 资料来源： Wind，申万期货研究所　　蛋鸡养殖利润 资料来源： Wind，申万期货研究所　　从Wind采集的数据来看，按目前鸡蛋价格来算平均每养一只蛋鸡盈利幅度为17.32元。考虑到很多农村小养殖成本较低，根据我们申万期货研究所自己跟踪的数据来看，当前鸡蛋现货价格下，按养殖场自配饲料，不计人工成本来算，每只蛋鸡有1.89元左右的利润，低于Wind采集的数据，但较4月份有一定上涨。 　　淘汰鸡价格走势分析 　　从淘汰鸡价格来看，今年春节后淘汰鸡价格始终保持稳定，并没有出现放量态势。河南郑州、山东济南、辽宁沈阳、河北石家庄四地当前淘汰鸡均价为3.65元/斤，处于近几年平均稍稍偏低的水平。春节后，蛋价大幅下跌，养殖利润缩减，加上老鸡较多，本应该出现老鸡放量淘汰，但由于总体存栏较少，养殖户对9月蛋价一直预期较高，再加上过去半年利润较高，养殖户能够接受短期亏损，导致老鸡淘汰总体保持平稳温和。 资料来源： Wind，申万期货研究所　　鸡苗价格走势分析 　　从鸡苗价格走势来看，从2016年下半年开始，最近三波补栏高峰分别出现在16年10月、12月、17年9月至今。今年春节以来，尽管利润减少，但补栏热情持续高涨。预计直到9月仍能保持高利润，在长达一年的高利润之下，预计补栏可能持续到年底。值得注意的是去年2月到7月补栏严重下滑，对应的淘汰期为今年的6月到12月，也就是说，今年下半年淘汰鸡将开始减少，蛋鸡总存栏将开始增加。 　　期价走势分析 　　由于对9月蛋价的预期，当前的主力合约JD1809始终保持较高，目前在4200点左右震荡。目前，正处于端午节后、梅雨季节和学校放假的多方面不利影响下，鸡蛋的消费端表现较弱。盘面上1809因为节日消费的预期已经升水1000点左右，在现在现货偏弱的情况下继续上冲难度较大。 资料来源： Wind，申万期货研究所　　2018年下半年鸡蛋行情的主要驱动逻辑 　　目前的蛋鸡总体存栏量仍然处于历史低位，这是驱动今年上半年乃至到9月份的鸡蛋牛市的根本支撑。 　　去年下半年以来，蛋价高企，养殖户赚得盆满钵满，补栏也较为积极，从去年9月到现在，雏鸡产能基本全部开工，即使是3月份蛋价大幅下跌，仍然没有浇灭补栏热情，若9月蛋价能够如期再次涨至4元/斤左右，那么鸡蛋将完成长达一年的牛市，高补栏也可能延续至年底。 　　老鸡淘汰始终保持温和高位，并没有出现放量迹象。去年下半年到现在，养殖利润保持较高，导致了老鸡延时淘汰，原本预计今年三月蛋价较低时可能有一波淘汰潮出现，但实际上仍然保持比较温和的状态。之前我们分析过，6月到12月的老鸡淘汰将会较少，算上之前延迟淘汰的老鸡，预计到9月为止老鸡淘汰可能继续保持温和，然后逐渐减少。蛋鸡总存栏将在未来半年内开始攀升。 　　风险点提示：七八月老鸡淘汰大幅减少，9月供应增加，蛋价下跌。绿色农业的推进以及环保政策的进一步出台导致养殖业结构的改变，进而导致蛋鸡存栏数量发生巨大变化。 　　2018年鸡蛋价格展望 　　预计2017开始的长达一年的鸡蛋牛市将在今年四季度到明年一季度结束。短期需求端难有起色，七月中上旬之前蛋价可能持续弱势，但由于总体存栏偏低，蛋价不会大幅下跌。 　　9月的鸡蛋牛市仍然可期，只要淘汰鸡保持现在较为温和的状态，总体存栏增加有限，9月的需求旺季仍将左右市场。 　　由于今年上半年补栏较好，再加上9月以后的老鸡淘汰对应的是17年上半年的老鸡，届时老鸡淘汰较少，预计今年4季度蛋价可能同比回落。 　　2018年鸡蛋期货操作建议 　　波段操作：七、八月蛋价筑底后可尝试做多09合约。 　　对冲操作：跨期操作建议在季节性需求低点出现时(7-8月)进行买近抛远操作。 　　套保操作：结合行情发展和基本面阶段性变化，根据养殖户的需求选择远月合约做卖出套期保值。 　　2018年鸡蛋策略总结 　　推介一9月主力合约前淡季等待时机做多：7月淡季蛋价较低而拖累期货盘面下行时，可以寻找机会逢低做多1809合约，开仓区间3900-4100。 　　推介二买近抛远的跨期套利：由于今年的补栏持续向好，且9月以后直到明年一季度淘汰鸡都可能偏少，预计明年3月前蛋鸡总存栏都将缓慢上涨，买近抛远的跨期套利正当时。                                            (责任编辑：DF318)
7月20日今日鸡蛋价格行情走势分析  鸡蛋期价全线上涨,　　【消息面】 　　1、据农业农村部监测，据农业农村部监测，7月19日“农产品批发价格200指数”为98.12，比昨天上升0.41个点，“菜篮子”产品批发价格200指数为97.58，比昨天上升0.47个点。鸡蛋7.74元/公斤，比昨天上升0.9%；白条鸡14.10元/公斤，比昨天下降1.1%。 　　2、7月20日鸡蛋产销区快报：今日主体平稳为主各地上涨趋势稍有减弱。主销区北京回龙观跟涨周边地区同步跟涨，上海平稳为主，广州走货良好东莞到货偏多走货一般。京津唐周边市场稳中上涨但东北以及山东周边市场今日表现平平，各地销区走货一般近期质量问题依然存在，但产区养殖户依然无明显库存切各地鸡群掉蛋依然普遍总体近期行情稳中小幅波动为主继续等待利好出现再次上涨，建议大家正常出货保证后市行情逐渐上涨。淘汰鸡昨晚基本平稳为主，各地淘汰鸡不多。鸡蛋期货昨日明显回落午后再次拉升尾盘表现偏强，今日仍有上涨动力。 　　3、鸡蛋市场：今日鸡蛋价格上涨。近期持续高温高湿，蛋商鸡蛋库存不多，加之多地区降雨影响到货量，销区走货略有好转，预计短期内鸡蛋价格或稳中偏强。从今日主产区山东鸡蛋均价6.44元/公斤，较昨日上涨0.18元/公斤；河北鸡蛋均价6.17元/公斤，较昨日上涨0.19元/公斤；主销区广东鸡蛋均价7.00元/公斤，较昨日下跌0.03元/公斤；北京鸡蛋均价6.44元/公斤，较昨日上涨0.22元/公斤。 　　4、淘汰蛋毛鸡市场：今日淘汰蛋毛鸡价格持稳。下目前鸡蛋价格触底反弹，养殖户淘汰心理减弱，预计近期淘鸡价格或有低位反弹的可能。山东地区淘汰蛋毛鸡均价7.20元/公斤，较昨日持平；江苏地区淘汰蛋毛鸡均价7.35元/公斤，较昨日持平；辽宁地区淘汰蛋毛鸡均价7.50元/公斤，较昨日持平。 　　5、白羽肉毛鸡市场：今日白羽肉毛鸡价格涨跌互现。近期肉毛鸡出栏量变化不大，屠宰场收购难度大，市场缺鸡，提升毛鸡收购价格，预计短期内毛鸡价格或将以持续震荡调整为主。今日山东地区白羽肉毛鸡均价8.56元/公斤，较昨日下跌0.02元/公斤；辽宁白羽肉毛鸡均价8.76元/公斤，较昨日上涨0.10元/公斤；江苏白羽肉毛鸡价格8.94元/公斤，较昨日环比上涨0.05元/公斤。 　　6、白羽肉鸡苗市场：今日白羽肉鸡苗价格持续上涨。上周末毛鸡价格不断上涨，养殖户补栏情绪积极，种鸡厂鸡苗销售计划好转，鸡苗报价止跌回升，预计短期内鸡苗价格或震荡偏强。今日山东白羽肉鸡苗均价1.82元/羽，较昨日上涨0.45元/公斤；河南地区白羽肉鸡苗均价1.62元/羽，较昨日上涨0.34元/羽。 　　今日鸡蛋价格1。鸡蛋现货价格 　　截止发稿，今日全国鸡蛋均价7.5元/公斤，较昨日上涨0.23元/公斤。今日全国鸡蛋价格上涨。主销区上海、安徽、江西、福建上涨，大部分产区继续上涨，局部涨势明显，受炎热天气影响，销区到货仍少，推动价格继续上涨。进入伏天，近期多地高温天气持续，蛋鸡产蛋性能有一定影响，对蛋价形成提振，后期蛋价仍有上涨的空间，但预计短期蛋价涨势或将放缓。 　　今日鸡蛋价格行情如下： 地区鸡蛋价格(元/公斤)北京7.78天津7.46河北7.27辽宁7.6吉林7.12黑龙江6.84山东7.34河南7.4安徽8陕西7.4山西7.4江苏7.48广东6.82上海8.32福建8.2湖南7.96湖北7.11云南6.96甘肃7.6江西8　　2。鸡蛋期货价格 　　截止今日下午收盘，大商所鸡蛋期价全线上涨。鸡蛋指数报收3959元/500kg，上涨0.28%；鸡蛋1808合约价格报收4268元/500kg，较上个交易日结算价上涨42元/500kg；鸡蛋主力1809合约价格报收4133元/500kg，较上个交易日结算价上涨9元/500kg。 　　今日鸡蛋价格走势分析 鸡蛋主力日线图　　日线图上，K线走势来看，近期盘面横盘整理，本交易日盘面收阴线，收盘价站于MA5上方；均线走势来看，MA5、MA10形成死叉，MA40、MA60多头排列，盘面下方仍有支撑；成交量来看，本交易日市场成交缩量，投资者抛盘为主，市场观望心理浓厚；DIFF、DEA两线在0轴上方形成死叉，绿柱扩张；综合来看，短期上鸡蛋主力合约价格或维持震荡走势，后市上行空间可能有限。                                             (责任编辑：DF318)
蛋价有望延续区间波动,　　 7月份以来，鸡蛋期货整体偏弱运行。分析人士表示，近期鸡蛋现货价格持续偏暖，但考虑到蛋价持续走高可能会抑制终端消费，且当前产蛋鸡存栏量呈现增加趋势，将对鸡蛋期价形成利空制约，因此短期有望维持区间波动。 　　现货市场表现偏强 　　“梅雨季节走向尾声，7月17日我国正式入伏，副热带高压将导致整个黄淮、江淮、四川盆地等区域持续高温。一方面，高温之下，鸡蛋不宜存储，鸡蛋走货面临压力；另一方面，持续高温对于蛋鸡产蛋率造成一定影响，鸡蛋供给仍不宽松。”中信建投期货农产品首席分析师田亚雄表示。 　　这也使得近期鸡蛋现货市场表现偏强。根据博亚和讯，昨日全国主产区鸡蛋价格上涨，均价3.62元/斤，较7月17日上涨0.05元/斤，其中山东地区均价最高为3.73元/斤，辽宁地区均价最低3.42元/斤。周三销区北京、上海继续上涨，辽宁、河北低价区补涨，山东、河南企稳；目前零售价格处于高价，一定程度抑制走货情况。 　　“7月为蛋价转折之月。当前蛋价已经触底回升，后期需关注产销区走货情况，对蛋价上涨速度和高点出现时间做出判断。”田亚雄表示。 　　相对于现货市场，近期鸡蛋期货表现偏弱。瑞达期货分析师表示，近期鸡蛋期货合约呈现近强远弱、期现价差持续缩小情况。 　　期价有望维持震荡 　　根据芝华对蛋鸡存栏数据的统计监测，最新2018年6月在产蛋鸡存栏量为11.05亿只，环比增加1.12%，同比去年增加4.92%；2018年6月育雏鸡补栏量8512万只，环比增加4.13%，同比增加57.14%。 　　“在产蛋鸡存栏增加符合预期判断，说明在产蛋鸡存栏增加趋势已存，尽管存栏小幅增加，但近期全国大范围高温高湿以及台风带来的强降雨天气令市场库存多有不足，同时当前进入暑伏天，鸡群歇伏产蛋率有明显降低情况，供应出现高温期阶段性趋紧，蛋价持续偏暖。但蛋价一度走高将抑制终端消费，短期内蛋价再度攀升空间有限，或以震荡调整为主。”田亚雄表示。 　　方正中期期货农产品组霍雅文表示，当前存栏蛋鸡的鸡龄结构已完成从老鸡为主到高峰鸡为主的转变，而这一鸡龄结构将在未来半年内得以保持。另外，随着蛋鸡养殖行业的整合，在产蛋鸡产能扩张情况值得关注，部分省区出现的大规模养殖场扩能现象已经开始逐渐影响现货销售模式。 　　对于后市，田亚雄认为，鸡蛋期货主力1809合约在中秋节、存栏量和现货价格三方加持下，整体支撑尚可，但在全月每日交割规则下，上方空间有限，建议观望为主。次主力远月1901合约经过连续三周下跌后，至3700元/500千克一线，该合约对应的是2019年春节节前消费高峰，在存栏上涨预期下，受到较强压制。提醒投资者，在1月、9月合约等以消费推动为主的合约上，需求侧的支撑更值得关注。 　　霍雅文表示，近期鸡蛋期货盘面表现近强远弱态势，中秋后需求偏弱以及四季度在产蛋鸡存栏回升令市场对远月预期偏空，预计近期期价将以区间波动为主。 　　                                            (责任编辑：DF318)
禽蛋一周要闻汇总,　　1、7月17日，首农集团与本来生活共同发起的北京首食本来供应链管理有限公司签约成立。首食本来是首农集团联合本来生活共同打造的全球生鲜食品供应链平台，将投入30亿元深耕供应链领域。 　　2、近日，从农业农村部获悉，今年以来，我国各级畜牧部门深入贯彻新发展理念，按照高质量发展的要求，引导结构调整，推动产业升级，推进绿色发展，畜牧业运行总体呈现向优向好态势。 　　3、今年，神丹公司与华中农业大学在孝感市共同建成国家唯一蛋品科研平台“蛋品加工重点实验室”，这是继建成“国家蛋鸡产业技术体系孝感综合试验站”之后获批的又一国家级重点实验室。。 　　4、新增波兰5家输华禽肉企业自2018年7月19日及以后生产的符合中国要求的产品输华。                                            (责任编辑：DF318)
7月19日大商所鸡蛋期货午盘报价,合约名称开盘价最高价最低价最新价涨跌成交量持仓量昨日结算jd18073400340033903390-11423401jd18084235425042014212-145412135864226jd18094143415840814115-381159961279764153jd1810355135633530355872586152383551jd18113519352535033517722025123510jd181236043604358736049967823595jd190137243731370537301113868649063719jd190234503456344034498768823441jd19033386339533713389821219123381jd19043429342934293429641983423jd190534983499347234971738843023480                                            (责任编辑：DF318)
7月19日今日鸡蛋价格行情走势：今日北京鸡蛋价格多少钱一斤,　　今日鸡蛋价格行情走势：今日北京鸡蛋价格多少钱一斤？报价地区单位：元/斤(批发)趋势【市辖区】北京-新发地鸡蛋价格：参考价 3.78北京-大洋路鸡蛋价格：参考价 4涨北京-回龙观鸡蛋价格：参考价 3.78北京-顺义鸡蛋价格：参考价 3.78北京-大兴鸡蛋价格：参考价 3.78北京-昌平鸡蛋价格：参考价 3.78                                            (责任编辑：DF318)
猪价季节性反弹后回调 鸡蛋期现价差继续收窄,　　7月17日生猪鸡蛋行情回顾 数据来源：中粮期货研究院　　猪价反弹后回调 蛋价继续上升 　　卓创数据显示，昨日国内猪价小幅下跌，出栏均价12.38元/公斤，头均盈利67元。如前期判断，去年冬季猪场腹泻更为严重，春节月份为传统补栏淡季，7-8月活猪供应环比下降，当前屠宰企业主要采购适重猪，而标猪供应量较为紧缺，猪价迎来季节性反弹，但受累于猪肉消费端提振有限，压制猪价上升空间，价格区间看到【12.0-13.0】元/千克。 　　昨日全国鸡蛋现货价格继续上升，产区均价3.56元/500克，养殖利润增加。近期蛋价上升主要是各环节库存较低，高温减产，多地降雨影响鸡蛋运输，蛋价顺势上涨。芝华数据显示，6月在产蛋鸡存栏量环比小幅增加，鸡蛋供应仍处于历年较低水平，同时气温逐步升高影响产蛋率，后期随着中秋备货启动，鸡蛋现货仍有上涨空间。 　　鸡蛋操作建议 　　昨日鸡蛋主力合约1809高开后大幅回调至上涨趋势线附近，日线收跌于4144元/500千克，1901合约震荡下行。随着蛋鸡产能逐步恢复，鸡蛋供应环比增加的趋势逐步强化，市场对鸡蛋1809合约的中秋行情普遍持谨慎态度，盘面上方压力始终较大。短期来看在上涨趋势未被打破之前，中秋备货仍然值得关注，风险在于中秋行情还有多少空间和时间。近期盘面维持震荡上行的走势判断，策略为逢低做多，目标位4200~4300附近注意减仓。1901合约长远看为空头趋势，考虑中秋反弹后入场做空。                                            (责任编辑：DF318)
7月16日豆粕与鸡蛋比价指数为119.23,　　7月16日豆粕与鸡蛋商品比价指数为119.23，较昨日下降了2.22点，较周期内最高点187.88点(2017-05-18)下降了36.54%，较2016年01月24日最低点79.04点上涨了50.85%。(注：周期指2015-01-01至今)                                            (责任编辑：DF318)
7月13日今日鸡蛋价格行情走势分析   鸡蛋期价震荡上行,　　1。 据农业农村部监测，7月12日“农产品批发价格200指数”为96.36，比昨天上升0.54个点，“菜篮子”产品批发价格200指数为95.53，比昨天上升0.63个点。鸡蛋7.33元/公斤，比昨天上升0.4%；白条鸡14.23元/公斤，比昨天下降1.5%。 　　2。 7月13日鸡蛋产销区快报：今日上涨趋势稍有减弱。主销区北京上海上涨广东平稳。今日产区在北京带动下京津唐周边市场再次跟涨，但山东中部周边市场上涨趋势有所减弱，东北市场今日被动小幅跟涨，目前天气潮湿各地行情上涨暂时告一段落需要市场平衡适应后再次准备上冲，继续建议大家正常出货保证后市行情逐渐上涨。淘汰鸡昨晚总体平稳为主，各地淘汰鸡不多。鸡蛋期货昨日小幅震荡，今日逢周末多空仍有继续减仓趋势，总体今日继续震荡为主下方支撑较强。 　　3。 鸡蛋市场：今日鸡蛋价格继续上涨。随着蛋价上涨，销区到货将有所增加，终端市场需求有待提振，预计短期内鸡蛋价格继续上涨空间有限。从今日主产区山东鸡蛋均价7.04元/公斤，较昨日上涨0.05元/公斤；河北鸡蛋均价6.62元/公斤，较昨日上涨0.17元/公斤；主销区广东鸡蛋均价7.33元/公斤，较昨日上涨0.10元/公斤；北京鸡蛋均价6.88元/公斤，较昨日上涨0.22元/公斤。 　　4。 淘汰蛋毛鸡市场：今日淘汰蛋毛鸡价格稳中有涨。目前部分地区淘鸡价格有所反弹，局部老鸡出淘，但整体淘汰量不大，预计近期淘鸡价格继续稳中偏强。山东地区淘汰蛋毛鸡均价7.86元/公斤，较昨日上涨0.06元/公斤；江苏地区淘汰蛋毛鸡均价7.92元/公斤，较昨日上涨0.22元/公斤；辽宁地区淘汰蛋毛鸡均价7.86元/公斤，较昨日上涨0.03元/公斤。 　　5。 白羽肉毛鸡市场：今日白羽肉毛鸡价格涨跌互现。目前屠宰厂依然亏损，短期内毛鸡出栏量变化不大，鸡价将持续震荡运行，预计短期内毛鸡价格或将以持续震荡调整为主。今日山东地区白羽肉毛鸡均价8.44元/公斤，较昨日下跌0.17元/公斤；辽宁白羽肉毛鸡均价8.74元/公斤，较昨日下跌0.02元/公斤；江苏白羽肉毛鸡价格9.13元/公斤，较昨日环比上涨0.17元/公斤。 　　6。 白羽肉鸡苗市场：今日白羽肉鸡苗价格稳中有涨。随补栏鸡苗出栏时逐步错开大暑天气，补栏养殖户增加，鸡苗安排计划顺利，支撑鸡苗价格持续回升，预计短期内鸡苗价格或震荡偏强。今日山东白羽肉鸡苗均价2.35元/羽，较昨日上涨0.02元/公斤；河南地区白羽肉鸡苗均价2.05元/羽，较昨日上涨0.01元/羽。 　　今日鸡蛋价格1。 鸡蛋现货价格 　　截止发稿，今日全国鸡蛋均价6.77元/公斤，较昨日上涨0.14元/公斤。今日全国鸡蛋价格上涨。主销区北京、上海、广州上涨，大部分产区继续上涨，局部涨势明显，销区到货仍少，价格也多有上涨。整体来看，本周以来，蛋价低位反弹为主，降雨天气对鸡蛋流通及存储影响较大，局部供应偏紧，提振蛋价，但目前需求尚无实质性好转，预计短期内蛋价继续反弹空间或不大。 　　今日鸡蛋价格行情如下： 地区鸡蛋价格(元/公斤)北京6.88天津6.66河北6.73辽宁6.35吉林6.58黑龙江6.61山东7河南6.77安徽7.04陕西6.68山西6.47江苏7广东7.23上海7.25福建7.2湖南7.23湖北6.42云南7.05甘肃7.1江西7.07　　2。 鸡蛋期货价格 　　截止今日下午收盘，大商所鸡蛋期价震荡上行。鸡蛋指数报收3950元/500kg，上涨0.08%；鸡蛋1808合约价格报收4185元/500kg，较上个交易日结算价上涨36元/500kg；鸡蛋主力1809合约价格报收4140元/500kg，较上个交易日结算价下跌0元/500kg。 　　今日鸡蛋价格走势分析 鸡蛋主力日线图　　日线图上，K线走势来看，近期盘面横盘整理，本交易日盘面收阴线，收盘价站于MA5上方；均线走势来看，MA5、MA10形成金叉，MA40、MA60多头排列，盘面下方仍有支撑；成交量来看，本交易日市场成交放量；DIFF、DEA两线在0轴上方形成死叉，绿柱扩张有限；综合来看，短期上鸡蛋主力合约价格或维持震荡运行的概率较大。                                             (责任编辑：DF318)
鸡蛋：现货价格继续上涨,　　期现货跟踪：全国鸡蛋现货价格继续上涨，贸易监控显示，收货正常偏难，走货正常偏快，贸易状况继续改善，贸易商看涨预期继续增强。鸡蛋期价震荡偏弱，以收盘价计，1月合约下跌10元，5月合约下跌20元， 9月合约下跌6元。 　　逻辑分析：对于9月合约而言，近月基差高企，后期重点关注现货价格端午节后低点出现的时间，市场将据之判断后期鸡蛋供需的情况，统计数据显示大多出现在端午节后15-20天左右，即现货价格低点已经出现，但不排除类似于2013年出现在节后一个月的情况；对于9月之后合约而言，从育雏鸡补栏数据来看，后期供需有望继续改善，而届时不再有大的节假日备货需求，使得业内人士相对更为看空，后期重点关注1月做空机会，主要风险在于会否出现类似于2013年年底的禽流感疫情。 　　策略：建议投资者观望为宜，后期择机做空1月合约。 　　风险因素：环保政策与禽流感疫情等。                                            (责任编辑：DF318)
鸡蛋期价有望维持区间震荡,　　昨日，鸡蛋期货继续收低，主力1809合约收报4134元/500千克，跌1.17%，日内该合约持仓量减少4046手至111524手。分析人士表示，近期全国雨水地区增多不利于鸡蛋运输，各地库存不多，导致现货小幅上涨。不过，当前距离中秋备货仍有时日，且当前鸡蛋市场整体存栏仍处于偏高水平，限制了期价表现。　　卓创资讯分析师刘梅也表示，当前在产蛋鸡存栏量仍处于偏低水平，且气温升高，蛋鸡产蛋率出现下降，鸡蛋供应量有限。加之前期蛋价走低，养殖单位对后市信心不足，多顺势出货，无库存积压。经销商受高温高湿天气影响，担忧鸡蛋质量问题，也以维持低位库存为主，各环节几无余货。而近期猪肉、蔬菜价格上涨，利好鸡蛋消费，在终端环节略有好转的刺激下，蛋价迅速走高。　　不过，刘梅表示，当前距离中秋备货仍有时日，终端需求短期难有明显好转，蛋价持续上涨缺乏动力。此外，当前蛋鸡鸡龄结构偏年轻化，新开产蛋鸡较多而可供淘汰蛋鸡数量有限，预计短期蛋价难有根本好转。　　对于后市，王庆文表示，整体来看，上游对鸡蛋期货1809合约存在成本支撑，对养殖利润形成倒推，中秋节前是鸡蛋需求的传统旺季，加上高温雨季等天气异常，对蛋鸡存栏、产蛋供应构成利多，预计鸡蛋1809合约将在这种多空力量胶合下震荡运行，建议在3800元/500千克之下逢低建多，4500元/500千克之上不可追多。                                            (责任编辑：DF372)
绿科禽业总经理张颖：养殖企业长远发展需要期货护航,摘要            蛋鸡养殖圈子里，绿科禽业总经理张颖是一位鸡蛋衍生品运用高手。他带领公司开展期货套保，主动参与、灵活选择场外期权、“保险+期货”业务，期、现货业务在他手中实现有机结合。                             　　蛋鸡养殖圈子里，绿科禽业总经理张颖是一位鸡蛋衍生品运用高手。他带领公司开展期货套保，主动参与、灵活选择场外期权、“保险+期货”业务，期、现货业务在他手中实现有机结合。 　　绿科禽业从3000只鸡起步，历经21年发展到目前养殖规模达150万只。在四川南充的绿科禽业总部，证券时报记者与张颖进行了面对面交流。理工科出身的张颖在鸡蛋期货上有着很深的研究和丰富实战经验，谈到鸡蛋期货，案例和感触马上娓娓道来。 　　“去年11月，鸡蛋现货价格涨得很好，鸡蛋期货1802合约价格也水涨船高，涨至4400元/500公斤。考虑2月份春节后鸡蛋价格可能出现下滑，我们根据企业产能情况，一部分在期货盘面进行套保。一部分通过‘保险+期货’模式，为鸡蛋产能进行保险。”张颖介绍了去年运用鸡蛋衍生品的案例。 　　据了解，绿科当时针对自身一半的产量在期货市场做空540手鸡蛋1802合约，另一半产量购买价格保险获得保障。最终期货套保有效弥补了现货端亏损，价格保险也获得了赔偿，风险管理策略取得了很好的效果。 　　“市场行情阴晴不定，我们不能靠天吃饭，需要积极主动进行风险管理，通过衍生品市场的盈利弥补现货的亏损。我们不参与投机，是真正的期现结合。企业鸡蛋现货充足，便在盘面卖期货锁利润，如果养鸡较少、现货不足，也可以通过期货市场低价买入补充自身库存。比如去年下半年，蛋价非常好，但我们产能只恢复到八九成，便会买入期货。这就是我们产业在金融衍生品工具上的多层次应用。”张颖说。 　　除了参与鸡蛋期货和鸡蛋价格保险，绿科去年下半年还参加了鸡蛋场外期权项目。连续操作4笔场外期权交易后，企业共支付期权费约53万元，获得赔付80多万元。不仅有效规避了市场价格波动风险，还帮助企业获得了更多收益。 　　张颖的鸡蛋衍生品攻略并非一朝习得。从鸡蛋期货上市起，他就非常关注，但真正让他下决心把衍生品工具运用到企业经营中，这背后还有一个故事。 　　“我们公司成立了风险管控部门，我在领导这个部门进行金融工具的研究和运用。我们进入期货行业比较晚，2015年有一次调研团来调研我们企业，主要是想调研整个产业基本面，听我介绍基本面时头头是道，就问我们经营中怎么不用期货呢？当时因为企业现货利润较好，就不关心期货。”他说。 　　然而2016年行业形势发生了变化。张颖回忆说，“那年我们企业固定资产大概投资了1.3亿，流动资金还有几千万。但2016年公司亏损了。当时一下就懵了，公司做大了，银行贷款也多，加上工人工资，整个企业一年开支要1000多万元。怎么把企业救活？必须想个出路。意识到企业可以在期货市场选择合适的价格提前套保，锁定利润。经历了亏损，我们开始研究学习期货。借助在产业基本面研究方面的优势，我们逐步把鸡蛋衍生品工具和公司经营融合起来。” 　　张颖表示，对于养殖户和养殖企业来说，不仅仅是只要把鸡养好就能挣钱了。“我经常呼吁产业内的人，即使不交易期货，也需要关注期货。如果不知道、不关心期货市场，未来企业将无法获得稳定发展。只有学期货、懂期货，有效地利用期货规避风险，企业才能长久生存。”张颖最后强调说。                                            (责任编辑：DF392)
标猪紧缺猪价迎来季节性上涨 鸡蛋多单继续持有,　　7月11日生猪鸡蛋行情回顾 数据来源：wind 中粮期货研究院　　猪价加速上涨鸡蛋小幅上升 　　卓创数据显示，昨日国内猪价继续上升，出栏均价12.5元/公斤，头均盈利80元。如前期判断，7月活猪供应量取决于今年2月附近的仔猪供应量，春节月份为传统补栏淡季，加之去年冬季猪场腹泻同比更为严重，仔猪补栏量处于年度低位，同时夏季生猪生长放缓，市场标猪出现阶段性紧缺，猪价迎来季节性反弹，但受累于猪肉消费端提振有限，压制猪价上升空间，价格区间看到【12.0-13.0】元/千克。 　　昨日全国鸡蛋现货价格上升，产区均价3.2元/500克，养殖利润小幅盈利。芝华数据显示，6月在产蛋鸡存栏量环比小幅增加，供应小幅增加，前期消费疲软，蛋价阶段性回调基本到位。目前鸡蛋供应仍处于历年较低水平，同时气温逐步升高影响产蛋率，后期随着中秋消费提升，鸡蛋现货仍有上涨空间。 　　鸡蛋操作建议 　　昨日鸡蛋主力合约1809冲高后直线回落，日线收跌于4140元/500千克，回测4150支撑位。近期中秋行情仍然值得关注，前期入场的多单继续持有，目标位4300附近注意减仓。空仓者不建议追多，耐心等待中秋行情的高点，逢高做空。                                            (责任编辑：DF318)
预计短期蛋价将震荡偏强,　　农业农村部：2018年二季度我国食用类农产品加工业企业景气指数为131.9，比一季度下降3.6点，较去年同期提高2.5点。其中，即期、预期景气指数分别为132.4和131.6，比一季度分别下降4.6和2.9点，比去年同期分别提高1.6和3.1点。本期食用类农产品加工业企业家信心指数为118.7，比一季度下降2.3点，比去年同期提高4.0点，其中，蛋品加工业景气指数降至122.2，环比下降13.3点。 　　目前鸡蛋收货正常偏难，走货速度变快，库存减少，贸易商预期看涨增加，预计短期蛋价将震荡偏强。淘汰鸡方面，老鸡的供应逐渐减少，需求减少，成交清淡，猪肉的低迷价格限制了消费者对蛋鸡的需求。补栏方面，鸡蛋排单无起色，目前多数排至7月中旬，订单量较少，种蛋利用率低。就目前情况来看，一方面，高校放假，需求量逐渐减少；另一方面，南方天气湿热，北方进入高温，鸡蛋存储困难，霉蛋、臭蛋的数量增加，商家备货谨慎采购。建议谨慎投资者平仓离场，激进投资者可以轻仓持有前期空单，后期择机平仓离场。                                            (责任编辑：DF318)
标猪紧缺 猪价迎来季节性上涨 鸡蛋前期多单继续持有,　　7月10日生猪鸡蛋行情回顾 　　数据来源：wind 中粮期货研究院 　　猪价加速上涨鸡蛋小幅上升 　　卓创数据显示，昨日国内猪价继续上升，出栏均价12.4元/公斤，头均盈利64元。如前期判断，7月活猪供应量取决于今年2月附近的仔猪供应量，春节月份为传统补栏淡季，加之去年冬季猪场腹泻同比更为严重，仔猪补栏量处于年度低位，同时夏季生猪生长放缓，市场标猪出现阶段性紧缺，猪价迎来季节性反弹，但受累于猪肉消费端提振有限，压制猪价上升空间，价格区间看到【12.0-13.0】元/千克。 　　昨日全国鸡蛋现货价格趋稳，产区均价3.08元/500克，养殖利润微幅盈利。芝华数据显示，6月在产蛋鸡存栏量环比小幅增加，供应小幅增加，前期消费疲软，蛋价阶段性回调基本到位。目前鸡蛋供应仍处于历年较低水平，同时气温逐步升高影响产蛋率，后期随着中秋消费提升，鸡蛋现货仍有上涨空间。 　　鸡蛋操作建议 　　昨日鸡蛋主力合约1809盘整后尾盘冲高，日线收涨于4197元/500千克。近期关注中秋行情，前期入场的多单继续持有，目标位4300附近注意减仓。空仓者不建议追多，耐心等待中秋行情的高点，逢高做空。                                            (责任编辑：DF318)
鸡蛋企业“妙用”金融工具化解市场风险,摘要            近年来，我国农业农村发展不断迈上新台阶，加快农村金融创新，深入推进农产品期货、期权市场建设，积极引导涉农企业利用期货、期权管理市场风险，已成为农业和农产品市场发展的迫切需求。就鸡蛋产业而言，现货价格大幅波动的背后，鸡蛋产业链正经历着什么变化？蛋鸡养殖企业如何规避风险，才能在市场剧烈波动中健康发展？7月2日到6日，期货日报记者跟随大商所调研团队，走访了四川、山西、上海等地的蛋鸡养殖及鸡蛋加工企业，对鸡蛋产业链进行了调研，详细了解了企业当前的生产经营及利用期货、场外期权等金融衍生工具的情况。                             　　鸡蛋期货功能得到有效发挥，场外期权、“保险+期货”等创新工具也被灵活运用 　　近年来，我国农业农村发展不断迈上新台阶，加快农村金融创新，深入推进农产品期货、期权市场建设，积极引导涉农企业利用期货、期权管理市场风险，已成为农业和农产品市场发展的迫切需求。就鸡蛋产业而言，现货价格大幅波动的背后，鸡蛋产业链正经历着什么变化？蛋鸡养殖企业如何规避风险，才能在市场剧烈波动中健康发展？7月2日到6日，期货日报记者跟随大商所调研团队，走访了四川、山西、上海等地的蛋鸡养殖及鸡蛋加工企业，对鸡蛋产业链进行了调研，详细了解了企业当前的生产经营及利用期货、场外期权等金融衍生工具的情况。　　上游——蛋鸡养殖企业“痛苦挣扎”　　四川省绿科禽业有限公司(下称四川绿科)是四川省农业产业化重点龙头企业，是集蛋鸡产品产、供、加、销于一体的大型股份制企业，其公司总经理张颖从事养鸡行业二十载。　　据张颖介绍，鸡蛋产业发展经历了几个阶段，上世纪80年代，蛋鸡主要是靠小规模养殖户来供给市场需求，那个阶段物质匮乏，蛋鸡养殖也是刚刚起步，养殖利润很可观；上世纪90年代，国家倡导“专业户”，使得小规模养殖户遍地开花，随着社会财富的增长，对鸡蛋的需求也急剧上升，当时养鸡是暴利；2000年以后，随着外来资本的进入，市场开始追求养殖的科学化和规模化，到了2012年，整个蛋鸡养殖行业产能开始表现出过剩的状态。　　“目前根据蛋鸡养殖规模可以将养殖户和养殖企业大概分三个不同的层级，一是超大型的规模化鸡场；二是中型的规模化鸡场；三是小规模养殖户。”张颖说，现在养殖两三千只鸡的养殖户几乎没有了，小规模养殖户都定位在1万只左右，占比约60%；中型规模化鸡场的养殖规模在10万只到20万只之间，占比约20%；养殖规模为50万只以上的大型鸡场占比约20%。大型规模化养鸡场群体数量小，但承担了较大的养殖量。从2015年年底开始，整个蛋鸡养殖产业均处于亏损状态，在这样的状态下，蛋鸡养殖的规模化程度却越来越高。　　山西晋龙养殖股份有限公司(下称山西晋龙)总裁杨学勤同样表示，现在一两千只鸡的养殖户在减少，1万只鸡以上的养殖户数量在增加，有一部分管理不好的养殖户，由于亏损被市场淘汰，而管理好的养殖户，养殖规模逐步扩大，从三五千只鸡扩张到养殖1万多只鸡。由于小户退出，大户发展壮大，养殖户的数量在逐步下降。　　创建于1988年的山西晋龙集团位于山西省稷山县，拥有6个蛋鸡养殖公司，是一个集饲料生产、蛋鸡养殖、蛋品加工于一体的纵向一条龙企业。2017年3月24日，集团下属的山西晋龙养殖股份有限公司被大商所设为鸡蛋非基准交割厂库。　　“在养殖板块，我们共有6个养殖场，现在的存栏量是800万只蛋鸡，其中在产蛋鸡600万只。”杨学勤告诉期货日报记者，未来蛋鸡养殖只能靠良好的管理保持微盈利的状态，去年1—7月份行业严重亏损，8月份开始收支基本持平或者略有盈利，今年3月份至今，行业基本处于盈亏平衡状态。　　杨学勤认为，今年7月下旬开始鸡蛋价格可能会小幅上涨，年底会更高一点，大概会在4元/斤左右。“基本上每年都是这个规律，上半年价格低，下半年价格高，蛋鸡养殖利润不高，明年应该仍是微利，而且微利状态会持续很长一段时间。”　　张颖与杨学勤有着相似的感受。“近10年来，我明显感到整个行业利润都处在盈亏平衡点附近。”张颖说，从事这个群体的人缺少其他技能，单纯依靠养鸡，所以有盈利便开始释放产能，产能增加后行业利润便会回落，这使得鸡蛋价格长期在企业盈亏平衡点附近振荡。　　　下游——鸡蛋加工企业被市场“牵着鼻子走”　　苏州欧福蛋业(下称欧福蛋业)是此次调研的一家蛋品加工企业。据了解，欧福蛋业是丹麦著名蛋制品集团SANOVO EGG GROUP在中国的成员企业。　　“我们公司主要做蛋品加工，产品包括蛋液、蛋粉、预制蛋制品和功能性蛋制品等。”欧福蛋业采购总监韩太鑫告诉期货日报记者，欧福蛋业的主要原料为鲜鸡蛋，现有用量平均每月4000吨左右，由于外资公司在国内从事农产品生产、销售面临一些制约，公司不适合自己建设蛋鸡养殖场，目前主要供应模式为协议养殖场合作供应，随行就市定价，因此会面临鸡蛋价格变动频繁导致某一时段采购成本过高的问题。　　“我们加工企业希望鸡蛋价格在基准线上小幅波动。” 韩太鑫举例说，去年上半年鸡蛋价格很低，从表面上看加工企业买到了低价鸡蛋，但是企业的客户也看到了下降的鸡蛋价格，企业产品的销售价格也会降低。这些产品的售价一旦降下来，加工企业后期再要求加价就比较麻烦，特别是下半年蛋价快速反弹，而下游加工产品的价格却很难立刻上调。可以说，去年大幅波动的市场行情对整个行业都产生了非常大的“杀伤”。他认为，去年下半年鸡蛋价格大幅反弹，又刺激了养殖户的补栏热情，使得当时鸡苗价格上涨到三四块钱一只。“我们很担心明年鸡蛋价格又会迎来一波低价潮。”　　“用活”金融工具，养殖企业提高市场竞争力　　在整个行业产能过剩的状态下，养殖户和养殖企业都在积极寻求出路。除了跟着国家政策要求和支持开展养殖，还有一些养殖企业走在行业前沿，通过运用金融工具规避风险，在减少亏损的同时，进一步提升企业的市场竞争力。　　四川绿科同样受到这方面的困扰。张颖坦言，2013年鸡蛋期货上市时，他还不懂什么叫期货，直到2015年一个调研团来调研他们企业时，他才了解鸡蛋期货。身为成都电子科技大学应用电子专业的毕业生，张颖学习能力很强，短短几年时间，他就对金融风险管理工具运用自如，透彻地“用活”了金融工具。　　“鸡蛋期货是个很好的风险管理工具。”张颖为我们介绍了2017年蛋价大涨大跌时，他们企业是如何通过利用鸡蛋期货的价格发现功能进行合理资源配置的。　　“2016年下半年，我通过查看鸡蛋期货合约盘面价格，预测2017年上半年行业将出现巨亏，便在2016年下半年开始压缩产能，到2017年年初时，企业产能已经压缩至三分之一，我们再将企业所剩的产能通过鸡蛋期货市场高价卖出，锁定利润。”张颖说，通过提前布局，在2017年上半年行业整体巨亏的时期，四川绿科的损失并不严重。同时，在行业因巨亏而产能加速淘汰的时候，张颖开始努力地培养后备鸡，到当年下半年蛋价好转的时候，企业的产能已恢复到了90%。　　“如果在下半年才开始补栏，就赶不上当时的蛋价好行情，而通过参考期货价格，企业就能够合理有效地配置资源，减少市场价格波动带来的风险冲击，也正因为有效利用了期货的价格发现和风险管理功能，我们在2017年鸡蛋价格大涨大跌中保持着较稳定的现货经营。”张颖表示。　　张颖还举了一个期货套保的案例，在2017年11月时，鸡蛋期、现货价格都较高，当时考虑2018年2月份春节后属于季节性价格下滑期，鸡蛋价格将较低，企业便提前在期货市场上卖出了次年2月的合约540手，并于2018年1月底平仓，“最后虽然现货亏损了一些，但是期货盘面的盈利弥补了这部分现货亏损。”　　四川绿科的期货操作十分灵活，不仅利用期货市场“卖鸡蛋”，还会运用期货补充自有产能。“并非养殖企业就一定只能‘卖期货’。”张颖说，企业可以根据现货产量在期货市场卖出，也可以在市场需求较大、自身产量不足时通过买期货补充部分产能。“例如，去年下半年四川绿科产能恢复至80%—90%，仍有10%—20%的产能未恢复。由于行业上半年淘汰产能过多，下半年市场需求相对较高，预计蛋价将反弹，而企业无法立即全部恢复产能，便买入鸡蛋期货作为自身产能的补充。”我们无论是做期货，还是买保险或场外期权，都坚持一个理念，即结合自身的产能，真正做到期现结合，绝不参与投机。张颖认真的说。　　四川绿科运用金融工具管理风险“花样繁多”，且能“用活”“用透”金融工具。“尽管整个市场行情表现不好，但我们通过对金融工具进行多层次、多样化的应用，实现了价格风险的有效对冲，可以用一个市场的盈利来弥补另一市场的亏损。”张颖表示。　　助力产业稳健发展　　除了直接参与期货市场外，张颖还在去年下半年参与了鸡蛋的场外期权项目。2017年八九月份，蛋价经历了一波下跌，鸡蛋期货1712合约价格从4460元/500千克跌至3816元/500千克，减去包装、运输、仓储等杂费，已经跌至成本线附近。十一假期后，企业判断后期产蛋量无法满足需求，蛋价有回升需求等因素，进行了买入保值，分两次买入总量为1000吨、期限为2个月的看涨期权。之后蛋价经历一波上涨，场外期权12月底到期后，企业又对蛋价下跌进行保值，买入总量为500吨、期限为2个月的看跌期权。2018年1月，为对期货上持有的空单进行保险，企业买入总量为500吨、期限为1个月的看涨期权。经过上述4笔场外期权交易，企业共支付期权费52.9万元，获得赔付80.52万元。四川绿科利用场外期权工具不仅很好地规避了市场价格波动风险，还帮助企业获得了更多的收益。　　对于能用的金融创新工具，四川绿科一样也不落下，该企业还通过“保险+期货”模式，对自有产能保险。在去年年底，通过“保险+期货”，企业当时一共参保鸡蛋4050吨，保价为4.3元/斤，期限三个月，虽然保费花费162万元，但最终实现赔付286万元，扣除保费成本，实际净收益120多万元。　　值得一提的是，四川绿科在自己利用期货稳定经营的同时，还积极支持当地扶贫攻坚工作，带动当地44户贫困户进行标准化、规模化、集约化蛋鸡养殖，在南充市仪陇县新政镇安溪潮村组建安溪潮合作社，避免农户自主养殖的风险。　　通过四川绿科带头组织，该合作社2017年参与了鸡蛋“保险+期货”试点项目，承保鸡蛋规模3600吨，成为四川省落地的首个“保险+期货”项目。最终华西期货进行了保底赔付，对未能行权的场外期权最高赔付给合作社15万元。这样，合作社除现货销售收入外，还增加收入15万元。　　积极运用期货、场外期权等工具避险增益的当然远不止四川绿科一家企业，山西晋龙和欧福蛋业在利用金融工具管理风险上也各有一套。为了进一步扩大与下游消费企业的销蛋规模，2017年10月，山西晋龙与欧福蛋业签订封顶价格的销售合同，约定2018年1月18日前以不超过约定的价格向欧福蛋业售卖鸡蛋，数量1500吨。山西晋龙认为，在合同期间蛋价上涨可能性大，希望能与下游签订合约扩大销售规模同时获得蛋价上涨的既有盈利。为此，山西晋龙在签订合同时购买了美式看涨期权对冲风险。　　2017年11月山西晋龙完成该笔期权交易，期权端获得净利润16.8万元。杨学勤认为，期权套保与传统期货套保相比，不仅能提前控制成本还能保持既有盈利，虽然需要花费权利金，但是企业认为从管理上可以更好控制，特别是在期现基差不稳定的情况下，利用期权套保相比期货在极端行情条件下更具有优势。　　值得一提的是，鸡蛋期货自去年3月份开始实行全月每日选择交割和车板交割等新制度以来，不仅鸡蛋期货与现货的价格拟合度大幅提升，产业客户在近月合约上的参与度也稳步增长，鸡蛋期货成为国内首个全合约活跃的农产品期货品种。“鸡蛋期货交割新规更方便产业客户灵活操作，特别是促进了近月合约交易量的增加，也使得期现结合的更为紧密。可以说，期货合约的不断完善有效促进了鸡蛋期货功能的充分发挥。”杨学勤说。                                            (责任编辑：DF318)
预计短期蛋价将震荡偏强调整,　　2018年上半年，江苏省畜禽产品例行监测合格率达99%以上。全省无公害、绿色、有机农产品总数达1.8万个，居全国首位。江苏争取到2022年全省所有乡镇建设高标准监管站，构建属地负责、行业主导、上下协同机制；全力推进农产品质量安全追溯体系建设，确保2018年全省1000家以上规模农产品生产经营主体纳入国家和省追溯平台，实现“带证上网、带码上线、带标上市”；全力增加优质绿色农产品有效供给，建立全省农产品品牌培育数据库；全力推进农产品质量安全示范省创建，到2020年，80%以上的农业县(市、区)建成国家或省级农产品质量安全县。 　　目前鸡蛋收货偏难，走货速度变快，库存较少，贸易商看涨预期增加，预计短期蛋价将震荡偏强调整。淘汰鸡方面，老鸡的供应逐渐减少，需求减少，成交清淡，猪肉的低迷价格限制了消费者对蛋鸡的需求。补栏方面，鸡蛋排单无起色，目前多数排至7月中旬，订单量较少，种蛋利用率低。就目前情况来看，一方面，高校放假，需求量逐渐减少；另一方面，南方天气湿热，北方进入高温，鸡蛋存储困难，霉蛋、臭蛋的数量增加，商家备货谨慎采购。建议谨慎投资者观望为宜，激进投资者持有前期9月合约空单，后期在季节性上涨来临之前择机平仓离场。                                            (责任编辑：DF318)
猪价上涨承压 鸡蛋期价继续回调,　　7月3日生猪鸡蛋行情回顾 　　数据来源：wind 中粮期货研究院 　　猪价反弹乏力 鸡蛋跌势趋缓 　　卓创数据显示，昨日国内猪价稳中震荡，出栏均价11.43元/公斤，头均亏损45元。目前市场猪肉需求持续低迷，近期走访新发地肉类批发市场发现走货较为缓慢，上午11点附近各档口猪肉存货仍较多，屠宰企业对猪源采购量相对减少，猪价上涨承压。7月活猪供应量取决于今年2月附近的仔猪供应量，春节月份为传统补栏淡季，加之去年冬季猪场腹泻同比更为严重，仔猪补栏量处于年度低位，7月活猪供应环比将下降，预计猪价底部抬高，但受累于猪肉消费仍处于季节性消费淡季，猪价反弹空间有限，价格区间看到【11.5-12.5】元/千克。 　　昨日全国鸡蛋现货价格跌势趋缓，产区均价2.87元/500克，行业小幅亏损，终端整体需求不佳，多地降雨天气抑制产销区走货。芝华数据显示，5月在产蛋鸡存栏量环比小幅增加，短期供应小幅增加，消费疲软，蛋价震荡偏弱。但短期蛋价以阶段性回调看待，因为目前鸡蛋供应仍处于历年较低水平，同时气温逐步升高影响产蛋率，后期随着中秋消费提升，鸡蛋现货仍有上涨空间。 　　鸡蛋操作建议 　　昨日鸡蛋主力合约1809缩量减仓，日线收跌于4152元/500千克。维持之前判断，今年中秋行情高位看到4400附近，目前09合约上方空间有限，空仓者不宜追多，短期维持逢低做多的策略。对于空仓者来说，也可以耐心等待中秋行情附近的高点，逢高做空。                                            (责任编辑：DF318)
4日期市早参：近期美元仍然易涨难跌 贵金属承压运行态势不改,　　股指期货　　周二，两市底部反弹，沪指涨幅0.41%，创业板涨1.18%，两市成交量小幅放大。盘面上，军工，软件，通讯继续领涨，消费板块领跌。期指方面，IFIH贴水收敛，IC贴水扩大。期指总持仓增加，目前总持仓123342手，较前日增加5811手。三大合约大幅放量增仓，IF增仓幅度最大。从当月合约前20持仓情况来看，IFIH多空增持，且多头增持明显。IC多空减持，且空头减持更多。　　消息面上，央媒头条：央行有信心保持汇率基本稳定人民币贬值难持续仍将双向波动。新华社：金融运行整体稳健有信心打赢防范风险攻坚战。沙特内阁确认必要时动用石油闲置产能，油价急跌。　　两市早盘超跌，但午后市场反转，军工芯片强势上扬，三大股指纷纷翻红。期货方面，IFIH贴水收敛，持仓量大幅增加，市场做多意愿在增强。盘面表现来看，市场上涨下跌家数比与涨跌停比均明显好于前期，短期资金提前开始抄底，中小盘表现更为强势。陆股通资金止跌回升，也有利于权重消费止跌企稳。股指策略建议逢低短多。(彭鲸桥)　　贵金属期货　　因今日为美国独立日假期，昨日美国市场提前休市，市场消息刺激颇为清淡。美元受非美货币上涨的影响略有回落，贵金属翻红。总的来说，目前美国经济表现强劲，近期美元仍然易涨难跌，贵金属承压运行态势不改。人民币昨日暂稳，但仍有贬值压力，内外盘价格走势或将继续背离，操作上保持谨慎。沪金1812区间270-275元/克，沪银1812区间3650-3800元/千克。　　操作上，沪金1812与沪银1812暂观望。(江露)　　沪铜期货　　宏观面，短期市场缺乏进一步消息刺激，市场对全球贸易摩擦升级忧虑并未缓解，商品市场氛围依然偏空，基本金属延续弱势。伦敦金属交易所3月期铜收跌0.94%，报6509.0美元/吨；3月期铝收跌1.14%，报2090.0美元/吨。国内方面，新一届国务院金融稳定发展委员会召开第一次会议，研究部署打好防范化解重大风险攻坚战等工作。沪铜1808收跌0.92%，报50860元/吨；沪铝1808收涨0.07%，报13995元/吨。基本面分品种看，短期无进一步消息刺激，昨日LME铜库存下滑3350吨至28.6万吨，鉴于近期国内下游现货端消费依然偏弱，资金面，昨日空头增仓下行，短期铜期价震荡偏弱概率较大。操作上，沪铜1808合约51000-51500区域逢高做空，仓位5%以内，并设置好止损。(江露)　　沪铝期货　　宏观面，短期市场缺乏进一步消息刺激，市场对全球贸易摩擦升级忧虑并未缓解，商品市场氛围依然偏空，基本金属延续弱势。伦敦金属交易所3月期铜收跌0.94%，报6509.0美元/吨；3月期铝收跌1.14%，报2090.0美元/吨。国内方面，新一届国务院金融稳定发展委员会召开第一次会议，研究部署打好防范化解重大风险攻坚战等工作。沪铜1808收跌0.92%，报50860元/吨；沪铝1808收涨0.07%，报13995元/吨。基本面分品种看，消息面，国务院日前印发《打赢蓝天保卫战三年行动计划》，预计后期环保将进一步趋严，短期社会库存下滑速度放缓，消费端运行依然偏弱，但目前铝价逐步触及下方成本区域，短期铝期价下方空间或有限，暂维持震荡观点。操作上，沪铝1808合约勿盲目追空，暂时观望。(江露)　　沪镍期货　　基本面，供给端，菲律宾环保或升级，镍矿供给引发一定担忧；国内环保因素渐退，市场对镍铁复产的预期提升，供给偏紧对镍价仍有支撑。需求端，不锈钢价格已回落到环保前的位置，不锈钢消费淡季使得需求疲软。总的来说，目前市场观望情绪较浓，镍价整体震荡偏弱运行，沪镍1809区间112000-118000。　　操作上，沪镍1809建议观望，也可考虑在区间内高抛低吸。(江露)　　铅锌期货　　基本面，锌基本面偏弱，消费端汽车行业疲软，供应端1-5月锌产量235万吨，增加1.6%，目前外矿传出8月产量放出消息。现货端上海金属网0#锌对当月合约升水110-210元/吨，锌价上升动能减弱。铅，上期所沪铅库存9696吨，低库存利好铅价，后续或迎来上涨。现货端1#铅对当月合约升水930-1030元/吨，升水扩大幅度较大，供应短缺或加剧，铅价看涨。整体而言，铅锌基本面铅强于锌。预计锌1808运行区间22500-23300；铅1808合约运行区间19800-21000。　　策略：锌1808合约空单继续持有，建议22380附近止盈。铅1808合约建议多单继续持有，仓位5%，设置200止损。(江露)　　钢材期货　　环保限产大环境下，钢厂利润受政策保护概率较大，加上期价因贴水较深表现出的抗跌性，短期仍可坚持逢低做多的思路，但需求淡季效应也愈加明显，下游接货意愿明显偏弱，高利润仍将驱动高生产，供给不弱，盘面将震荡加剧。 RB1810建议在多单继续持有，止损上移至3750；HC1810建议多单继续持有，止损上移至3850。(张贵川)　　动力煤期货　　社会库存高位维稳，电厂库存1525万吨，处于历史高位水平，且进口煤政策放松，对北方市场煤需求减弱。此外，未来长江中上游、西南地区降雨将有明显增幅，短期内水电发力或将增加，因此动力煤将继续承压。后市，日耗成为唯一支撑上涨的因素，同时，郑煤在高贴水下下方支撑较强。综合而言，郑煤短期偏弱，长期仍有上涨可能。　　操作建议：09合约日内短线可考虑630-650区间低买高卖，突破区间5个点止损；可考虑买01卖09进行反向套利。(张贵川)　　原油沥青期货　　消息面上，API公布数据显示，截至6月29日当周，美国原油库存减少450万桶，高于市场预期的减少326.7万桶；汽油库存减少307万桶，同样高于预期减少100万桶。另一方面，加拿大油砂阿尔伯塔省Fort McMurray的油砂设施因电力故障停运，导致市场出现约36万桶/日的供给缺口，进一步降低了北美的石油供应；此外，委内瑞拉国家石油公司表示，今年上半年委内瑞拉对印度石油出口量下滑21%至28万桶/日。综合看，美国API原油库存超预期下降叠加多国原油供应意外下滑均对原油形成利好支撑。沥青方面，长江沿岸省份陆续出现强降雨天气，道路施工受限，沥青刚需偏弱，但是原油价格高位支撑，对沥青价格支撑明显。　　操作上，SC1809关注下方490-495元/桶区间的支撑；bu1812在3150-3200元/吨区间逢低做多，有效跌破3150元/吨止损。(李彦杰)　　橡胶期货　　美原油小幅反弹；东京工业品交易所(TOCOM)期胶主力合约周二收市价173.3日元/公斤；上期所天胶周二主力合约Ru1809前二十位多头持仓减少3449手至99598手，空头持仓减少4956手至130097手。橡胶1809合约周二晚间下跌45元至10440元/吨。主力合约Ru1809日K线小幅回调，成交量缩小。　　操作策略：橡胶1809宽幅震荡，MACD红柱放大，轻仓短空，空头止损设在11100。(胡丁)　　PTA期货　　美原油小幅反弹；PTA产出小幅提高；郑商所PTA周二主力合约TA809前二十位多头持仓增加14999手至274463 手，空头持仓增加15701手至303360手。PTA1809合约周二晚间下跌30元至5852元/吨。主力合约TA809日K线小幅回调，成交量放大。　　操作策略：PTA1809低位震荡，MACD红柱收敛，轻仓短多，多头止损设在5700。(胡丁)　　玉米类期货　　截止六月今年临储拍卖累计成交4957.32万吨，总成交率53.53%。最新公告7月12-13日计划拍卖量维持800万吨。关注本周800万吨拍卖交易情况。另外，7月6日吉林省储备粮轮换竞价交易20万吨玉米。近期主产区强对流气象灾害和虫害在部分地区发生，今年病虫害较往年有所加重。　　昨日全国玉米价格基本稳定。锦州港口新粮收购价1700-1720元/吨，持平，广东蛇口港口成交价格上涨10元至1810-18200元/吨，其余港口价格稳定。深加工厂收购价方面：山东昌乐上调10元至1880元/吨，河南焦作下调10元至1930元/吨。　　期货市场，玉米09合约昨日收盘价为1786元/吨，上涨1元/吨，持仓量增1980手至56.1万手。临储拍卖期间玉米供大于求的基本面不变。而长期供需缺口以及拍卖底价叠加运费成本上升对期价亦形成底部支撑。需求方面，猪价低迷叠加夏季消费淡季，饲企需求受限；而淀粉库存仍处于高位，以随用随采为主，旺季不旺。09合约高位承压，01合约窄幅震荡，9-1价差维持-63。建议短期09合约可在1785至1800区间试空。　　昨日淀粉现货价基本稳定，东北部分地区上涨。随着东北拍卖粮入关量激增，华东地区玉米收购价格回落后企稳。淀粉企业在价格相对高位签单受限，开机率回升至70.89%，库存较上周基本持平，仍处于高位。预计后期华北淀粉企业停机检修会使开机率逐步下滑从而减轻库存压力，但下游旺季尚未启动，淀粉库存难降。淀粉09合约昨日收于2254元/吨，上涨14元/吨。盘面淀粉09-玉米09价差扩至468，传闻淀粉交割标准或将提升从而支撑交割成本，观望为主。(田亚雄)　　白糖期货　　周二国内主产区糖厂出厂价稳中下行。广西产区报价5260-5380元/吨，低端报价下跌20元；云南产区报价5080-5150元/吨，下跌50元/吨。华南、华中及华北销区价格普遍走低，终端用户按需采购为主。　　因对贸易冲突担忧，农产品板块整体走低，郑糖低开后继续下跌，随后小幅反弹，减仓4406手，总持仓量为57.5万手。夜盘小幅高开走低，收于5039。乙醇价格走低，偏弱的基本面继续带动美糖走低，收于11.41。　　看跌预期致使终端消费者随行就市采购，旺季迟于往年，采购积极性难以提振。国际糖市整体供过于求，泰国糖出口大增，缅甸批准白糖转口贸易，走私情况不容乐观；替代品果葡糖浆旺季来临，价格小幅上涨，但替代性犹在。上方压力依然不减，建议观望为主，关注糖会信息及产销数据。(牟启翠)　　苹果期货　　局部天气灾害对于整体市场供需影响的程度有限，历年来，苹果产区都会出现大大小小的冰雹、大风灾害，建议对相关信息保持审慎。　　苹果期货上市以来，一直呈现大幅波动的情形，这是由苹果作为生鲜品本身价格的波动性和不确定性决定的。当前苹果期货价格已经来到相对高位，从我们了解到的情况来看，苹果交割品的升水以及对于苹果天气灾害的预期已经在盘面呈现出来。　　此外，07合约的大幅跳水引发市场对于交割品下游销货的担忧，下游市场对于交割品与一般现货的认知如果没有明晰，交割品向下游销货将有重大压力。　　在未来没有新的供需因素推动的情况下，苹果各合约将继续在较大的震荡区间内波动。1810合约下方弱支撑在9300一线，9000左右较强支撑；当前苹果期价接近下方支撑，激进投资者可择机入场做多，及时止盈；谨慎投资者可等待市场可能出现的进一步回调。(田亚雄)　　棉花期货　　中储棉周二挂牌销售3万吨，实际成交1.5万吨，成交率为50%，平均成交价格折3128B级为16261元/吨。地产棉成交0.65万吨，成交率32.1%；疆棉成交0.85万吨，成交率为86.7%。　　周二现货市场价格小幅下跌，CNCottonA报16778，下跌15元；CNCottonB报16283，下跌16元。郑棉低开延续震荡，减仓53050手，总持仓量为59.9万手。夜盘高开走低，收于16615。在贸易冲突的压力下，美棉继续小幅走低收于82.81。　　在贸易冲突升温的背景下，前期棉价大跌促使轮出底价走低，近日抛储成交有明显提高，有利于去库存。全球棉市偏紧，国内库存走低使得郑棉慢牛的基本面仍未有大变动，预计后期将重回缓中慢涨态势。但当前贸易冲突带来的利空依然是影响市场的主要因素，激进者可轻仓短空，中长期仍建议逢低在16000-16500布局郑棉多单。(田亚雄)　　鸡蛋期货　　今日北京主流价格3.14元/斤，涨0.1元/斤，大洋路早间到车11车，到车增多，价格企稳。山东产区整体保持平稳略涨，曹县地区价格2.80元/斤，涨0.08元/斤。北方产区稳中略涨，南方产区以稳为主。大面积的降雨以及前后的高温天气对于鸡蛋的储存与物流产生较大影响，造成了上周鸡蛋价格的连续下跌。降雨继续在我国江淮、东南、关中、四川地区延续 ，部分区域蛋价仍受压制。但是随着梅雨季节进入尾声，中秋预期持续加强，蛋价现货下跌空间有限。　　上周现货鸡蛋价格约15%的价格下跌导致1808以及1809合约受到一定冲击，08-09价差微幅扩大。但中秋季节性的预期支撑，08及09的下方空间相对有限。进入回调节奏，投资者可以逢低买入，08入场价格在3950左右，09在4140左右，可继续持有08-09正套组合。(田亚雄)　　　交易日历　　上海期货交易所　　交易提示：　　上一交易日ru1809合约持仓超过16万手，按交易规则，今日上述合约交易保证金上调3%。　　上一交易日ru1901合约持仓超过12万手未超过16万手，按交易规则，今日上述合约交易保证金上调1%。　　上一交易日ni1809合约持仓超过36万手，按交易规则，今日上述合约交易保证金上调2%。　　上一交易日rb1810合约持仓超过150万手，按交易规则，今日上述合约交易保证金上调2%。　　大连商品交易所　　交易提示：　　上一交易日b1807合约出现第1个涨停板，按交易规则，今日上述合约涨跌停板为9%，交易保证金按正常标准收取。　　郑州商品交易所　　交易提示：　　上一交易日SM808合约出现第1个涨停板，按交易规则，今日上述合约涨跌停板为9%，交易保证金上调4%。　　上一交易日MA807合约未出现第3个涨停板，按交易规则，今日上述合约涨跌停板为5%，交易保证金按正常标准收取。　　上一交易日AP807合约未出现第2个跌停板，按交易规则，今日上述合约涨跌停板为6%，交易保证金按正常标准收取。 ?                                            (责任编辑：DF318)
曹彦辉：报告符合预期 美豆震荡下挫,　　周五CBOT大豆期货收盘下跌。美国农业部报告的数据基本和市场预期相符。11月期约收低3.5美分，报收880美分/蒲式耳。夜盘连粕震荡整理，重心上移。短线偏多操作为宜。  　　周五鸡蛋期货低开高走，低位买盘提振价格。现货的走软或将拖累期货的涨幅。操作上不宜追涨，短线操作。                                            (责任编辑：DF318)
曹彦辉：美豆小幅收高 静等报告出台,　　周三CBOT大豆期货收盘小幅上涨。市场等待周末报告带来提振。11月期约收高1.5美分，报收889美分/蒲式耳。夜盘连粕高位整理。短线偏多操作为宜。  　　周三鸡蛋期货震荡收低，现货的走低拖累期货走势。短期期价延续震荡格局，操作短线为宜。                                             (责任编辑：DF318)
鸡蛋预计短期以偏弱调整为主,　　鸡蛋重要资讯： 　　华裕农科：6月25日，华裕国际家禽孵化中心在河北省邯郸市正式投产。该中心由美国海兰国际公司与华裕农业科技有限公司合作建设，达产后每年可提供优质商品代雏鸡6000万只，是目前全球最大的蛋鸡单体孵化中心。本项目采用Gmp标准厂房、Prizen种蛋分级码盘系统、Hatch-tech孵化系统、Viscon照蛋落盘、雏鸡分检系统、Nova-tech雏鸡断喙免疫系统、以及环境控制、集中清洗、监控报警、数据采集等系统；从工艺设计、设备选型、建造标准、生物安全、品质保证等方面着力将其打造为国际一流、业界领先的家禽孵化中心。 　　昨日鸡蛋收获速度正常，但由于受到南方天气的影响影响了走货速度，走货速度较慢，库存量依然较少，贸易商持谨慎观望的状态，预计短期以偏弱调整为主，鸡蛋的现货价格可能短期内会区间震荡。北京地区的到货量以及销售量趋于减少，但其余地区上海、广东等地趋于正常。各地高校陆续进入暑假阶段，鸡蛋的需求逐渐减少。13日开始进入梅雨季节影响了鸡蛋的存储，鸡蛋质量问题相继而出，流通环节减少备货，随用随采为主。建议投资者继续观望等待行情。                                            (责任编辑：DF318)
鸡蛋存在逢高沽空机会,　　近期由于端午节消费提振落空，鸡蛋近月合约走出先扬后抑的修复行情。从目前走势来看，鸡蛋期价保持稳步上行态势，并突破上行通道的上沿。虽然现货市场暂未启动，但期价已经率先走出预期行情，此轮行情能否摆脱端午节旺季不旺的尴尬行情呢？通过分析基本面和节日周期等因素，笔者认为，鸡蛋后市上行压力仍然较大，期价存在逢高做空机会。　　节日效果弱化　　鸡蛋价格的节日效应明显，全年大致可以划分为春节、端午节、中秋节三个较为突出的节日行情。4月以来，鸡蛋现货价格一改往年稳步上涨的规律，呈现窄幅振荡的新特点，全国主产区鸡蛋均价在3.2—3.5元/斤运行，端午节前仅上涨0.02元/斤，涨跌幅度不足10%。由此来看，端午节的提振效果并没有体现。近10年以来，仅有2015年、2016年、2017年没有端午节行情，其节前涨幅均不足0.1元/斤。今年端午节仍然延续弱势行情，节前贸易市场购销清淡，流通环节运行平稳，贸易商尝试囤货，但市场需求平淡，销售价格不及预期，普遍看淡后市。　　从需求端分析，节日效果弱化，主要是受替代品生猪价格持续创新低的拖累，以及受养殖规模化带来母猪生产效率和出栏生猪体重提高的影响，有效供应逐步增加。通过对养殖户的了解，生猪价格从年初的7.5元/斤一路下滑，近期出栏价格已经跌破5元/斤，是近8年来的最低点。生猪虽然在食品加工方面难以替代鸡蛋，但在终端消费上却有较强的替代性，百姓食用消费占比高达95%。因此，生猪价格创新低，替代品效应凸显，拖累蛋价整体走势。　　存栏稳步增长　　根据芝华对蛋鸡存栏数据的统计监测，5月在产蛋鸡存栏量为10.93亿只，环比增加0.21%，同比去年增加2.29%。虽然存栏量仍处于相对底部，但已经连续4个月呈现稳步增长局面。追根溯源，2017年上半年，受禽流感和供应压力的影响，蛋价短期跌破2元/斤，创下历史新低，造成养殖行业严重亏损，大部分养殖户选择将400天以上的蛋鸡淘汰，个别亏损严重的养殖户被迫淘汰300多天蛋鸡，使得存栏量大幅下降。在需求端恢复时，形成市场供不应求、价格大幅上涨局面。　　据统计，近一年蛋鸡养殖净利润高达1元/斤。因较高的利润推动，育雏鸡补栏量逐月增加，通过鸡苗价格和订单日期也可以看出市场偏乐观的心态。另外，由于去年上半年鸡龄结构主要以200多天蛋鸡为主，所以下半年的补栏主要从今年年初开始释放产能。从鸡龄结构来看，今年年中前后两个月的蛋鸡生产效应集中，这也是供应压力的突出阶段，进一步弱化了消费提振最强的季节周期性价格高点，同时增加了蛋价的上行压力。　　通过结合生产效率释放的时间点和消费周期规律分析，蛋价在9月有望见顶回落，但上涨幅度或不及市场预期，并且下半年逐渐走弱的概率较大。对应的鸡蛋1809合约和1901合约，可抓住行情预期落空的机会，逢高沽空。通过综合考虑，鸡蛋1809合约上行压力位在4200点附近，不排除短期冲击4300—4350点。　　(作者单位：格林大华期货)                                            (责任编辑：DF318)
鸡蛋1809合约区间震荡局面下,　　今日北京主流价格3.43元/斤，大洋路到11车，到车增加，价格微幅回落；山东曹县到户价3.20元/斤，价格稳定，供需正常。鸡蛋总体走货一般，现货价格在中秋备货期来临之前现货市场都将继续承受压力。 　　今年前五个月，在产蛋鸡增长速度缓慢，仍未达到11亿只，现货价格仍具备一定支撑；另一方面，鸡蛋需求依旧未见亮点，在猪肉价格的压制下，鸡蛋价格仍然偏弱。季节性需求走强仍需等待。 　　1809合约区间震荡局面下，建议逢低择机入场。下方支撑4150，上方压力4300。                                            (责任编辑：DF318)
鸡蛋：多头主导,　　鸡蛋期货1809合约的本轮上涨行情起于4月初，期价自3850元/500千克一线振荡回升至4200元/500千克一线上方后，空头压力凸显。不过，短期来看，期价上涨趋势明显，中期而言，价格维持在上升通道内良性运行。 　　从均线系统来看，5日、10日、20日、40日和60日均线维持多头排列态势，表明中短期价格上行特征明显。其中，5日均线对期价形成较好的支撑。在MACD指标方面，绿柱实体消失，红柱实体出现，且DIFF和DEA指标在零值上方出现金叉，表明多方力量再度增强，且占据主导优势。预计后市鸡蛋1809合约还将延续上涨之路。 　　                                            (责任编辑：DF318)
鸡蛋期货盘面继续区间震荡,　　现货价格承压下行，期货盘面继续区间震荡，09合约下方4080元/吨支撑。受到中秋支撑，盘面下方空间有限，建议4050以下可适时逢低做多。另外可继续持有做缩08-09价差的策略。 　　1809合约报收4186元/500千克，上涨55元/500千克。鸡蛋1901合约报收3941元/500千克，上涨30元/500千克。 　　                                            (责任编辑：DF318)
短期局部地区鸡蛋价格或有短暂性反弹,　　期货日报记者获悉，6月1日至今，全国鸡蛋均价在3.30-3.40元/斤完成两轮起落，蛋价重心波动微小。期间供应方面，货源质量随着老蛋占高而降低，制约蛋价走高；需求方面，端午节带来一定刚性提振，阻碍蛋价下行。 　　端午节已过，目前因老蛋小幅减少和小码蛋渐入高峰，供应总量波动不大，而下游拿货节奏平稳，整体需求表现一般，市场余货压力亦不大，但天气炎热、市场心态谨慎。“预计本周全国蛋价或稳中偏弱，均价或累计走低0.10元/斤至3.20元/斤左右。建议养殖、流通各环节，继续防范高温天气下鸡蛋质量风险，减少存货，快节奏走货；同时局部市场短线或有炒高操作，各方需谨防风险。”卓创资讯鸡蛋分析师徐晓苗告诉期货日报记者。                                            (责任编辑：DF318)
鸡蛋现货走货一般 期价节后或有回调,　　行情回顾：6月15日，鸡蛋1809合约收涨，开盘价4122元/500千克，收盘价4131元/500千克，较前一交易日结算价上涨4元/500千克，涨幅0.10%。持仓量减少4802手至142324手。 　　现货面：根据博亚和讯，全国主产区鸡蛋价格继续小幅反弹，均价3.30元/斤，较14日上涨0.03元/斤，其中山东地区均价最高为3.44元/斤，辽宁地区均价最低3.18元/斤。主产区山东、河南、河北等部分地区继续小幅上涨，销区北京、上海企稳；目前端午前本地销售提振有所减弱，涨幅放缓，销区走货情况一般，蛋商谨慎采购，预计近期鸡蛋价格或逐渐趋稳，未来有回调可能。 　　小结：去年11月、12月补栏较多，预计6月鸡蛋供应有保证；后市蛋价涨跌主要关注销区走货情况，5月鸡蛋现货价格最低3.18元/斤，预计6月鸡蛋供应偏宽松，蛋价上涨空间有限。根据发改委价格监测中心数据，最新蛋料比价为2.85，高于蛋料比价平衡点2.62，较上周下跌1.72%；饲料价格环比上周下降0.42%，预计下周市场走货开始放缓，鸡蛋价格存在下滑风险，养殖预期盈利或窄幅走低。期市上，鸡蛋远月涨幅大于近月涨幅，1809合约端午节后或跟随近月合约回调，注意及时止盈。                                            (责任编辑：DF318)
瑞达期货：鸡蛋现货局部走货加快 期价4100上方偏多操作,　　行情回顾：6月14日，鸡蛋1809合约收涨，开盘价4125元/500千克，收盘价4118元/500千克，较前一交易日结算价上涨32元/500千克，涨幅0.78%。持仓量减少4086手至147126手。　　现货面：根据博亚和讯，全国主产区鸡蛋价格稳中有涨，均价3。27元/斤，较13日上涨0.02元/斤，其中山东地区均价最高为3.391元/斤，辽宁地区均价最低3.18元/斤。主产区鸡蛋价格持续小幅上涨，山东整体反弹，其他局部地区微调，销区上海、北京稳；端午前各地区本地走货好转，各个环节库存不多，但随着供应量增加，端午后需求一般，预计近期鸡蛋价格或止涨，有回调的可能。　　小结：去年11月、12月补栏较多，预计6月鸡蛋供应有保证；后市蛋价涨跌主要关注销区走货情况，5月鸡蛋现货价格最低3.18元/斤，预计6月鸡蛋供应偏宽松，蛋价上涨空间有限。根据发改委价格监测中心数据，最新蛋料比价为2。85，高于蛋料比价平衡点2.62，较上周下跌1.72%；饲料价格环比上周下降0.42%，预计下周市场走货开始放缓，鸡蛋价格存在下滑风险，养殖预期盈利或窄幅走低。期市上，鸡蛋远月涨幅大于近月涨幅，1809合约短期不破4100元/斤则偏多操作，端午节后或跟随近月合约回调，注意及时止盈。                                            (责任编辑：DF318)
鸡蛋现货局部走货加快 期价4100上方偏多操作,　　行情回顾：6月13日，鸡蛋1809合约收涨，开盘价4073元/500千克，收盘价4125元/500千克，较前一交易日结算价上涨52元/500千克，涨幅1.28%。持仓量增加2586手至151212手。 　　现货面：根据博亚和讯，全国主产区鸡蛋价格局部反弹，均价3。25元/斤，较12日上涨0.01元/斤，其中山东地区均价最高为3.31元/斤，辽宁地区均价最低3.18元/斤。主产区鸡蛋价格整体稳定，山东、河南局部地区小幅反弹，销区北京、上海稳定；临近端午各地区走货正常，局部本地销售加快，不过未来库存压力犹在，加之高温抑制消费，预计近期鸡蛋价格或有震荡偏弱可能。 　　小结：去年11月、12月补栏较多，预计6月鸡蛋供应有保证；后市蛋价涨跌主要关注销区走货情况，5月鸡蛋现货价格最低3.18元/斤，预计6月鸡蛋供应偏宽松，蛋价上涨空间有限。根据发改委价格监测中心数据，最新蛋料比价为2。85，高于蛋料比价平衡点2.62，较上周下跌1.72%；饲料价格环比上周下降0.42%，预计下周市场走货开始放缓，鸡蛋价格存在下滑风险，养殖预期盈利或窄幅走低。期市上，鸡蛋远月涨幅大于近月涨幅，1809合约测试4050元/500千克支撑后反弹，短期不破4100元/斤则偏多操作。                                            (责任编辑：DF318)
鸡蛋现货价格持平 期价回调测试4050支撑,　　行情回顾：6月12日，鸡蛋1809合约收涨，开盘价4066元/500千克，收盘价4073元/500千克，较前一交易日结算价上涨14元/500千克，涨幅0.34%。持仓量增加1938手至148626手。 　　现货面：根据博亚和讯，全国主产区鸡蛋价格整体趋稳，均价3。24元/斤，较11日持平，其中河南地区均价最高为3.28元/斤，辽宁地区均价最低3.18元/斤。随着上周末北京的回调，各地区相对谨慎，今日主产区整体趋稳为主，个别地区小幅调整，销区上海、北京企稳；临近端午，各地区本地销售走货正常，不过目前供应压力不减，加之持续高温影响，预计近期鸡蛋价格仍有震荡偏弱可能。 　　小结：去年11月、12月补栏较多，预计6月鸡蛋供应有保证；后市蛋价涨跌主要关注销区走货情况，5月鸡蛋现货价格最低3.18元/斤，预计6月鸡蛋供应偏宽松，蛋价上涨空间有限。根据发改委价格监测中心数据，最新蛋料比价为2。85，高于蛋料比价平衡点2.62，较上周下跌1.72%；饲料价格环比上周下降0.42%，预计下周市场走货开始放缓，鸡蛋价格存在下滑风险，养殖预期盈利或窄幅走低。期市上，预计短期鸡蛋1809合约期价不破4050元/500千克则多单继续持有，若下破则建议暂时离场避险。                                            (责任编辑：DF318)
猪价上涨动力不足 鸡蛋震荡偏弱,　　6月11日生猪鸡蛋行情回顾　　数据来源：wind 中粮期货研究院　　猪价低位震荡蛋价继续回调　　卓创数据显示，昨日国内猪价主线趋稳，出栏均价11.4元/公斤，头均亏损36元。11日全国外三元生猪出栏均价11.42元/公斤，较8日涨0.06元/公斤，最高价为浙江12.40元/公斤，最低价为山西10.88元/公斤。维持前期判断，6月活猪供应量取决于今年1月附近的仔猪供应量，年初育肥猪头均300元的利润，母猪存栏依旧高位，31元/千克的仔猪价格说明养殖户补栏积极性较好，市场仍将呈现猪源过剩局面。消费方面，6月为传统的猪肉消费淡季，猪肉需求量与价格均将承压，预计屠宰企业将转移终端销售压力至上游活猪收购，压制猪价反弹。　　昨日全国鸡蛋现货价格继续偏弱，产区均价3.23元/500克。如前期判断，6月鸡蛋基本面压力大概率大于5月，上一轮补栏的高峰时间显示6月供应量环比继续放大；需求方面，正值气温逐步升高，鸡蛋存储难度增大，经销商暂无备货需求，端午利好提振有限，预计鸡蛋现货价格易跌难涨。　　鸡蛋操作建议　　昨日鸡蛋主力合约1809窄幅震荡，成交量和持仓量均下降，周五盘面大跌至前期4050支撑位，今日多空双方交投谨慎。09合约短线仍以震荡思路对待，激进者维持逢高做空的策略，稳妥者耐心等待回调至安全的低点，再考虑做多中秋行情。                                            (责任编辑：DF318)
11日期货早盘攻略：苹果、豆粕成交大幅增加,"　　宏观&大类资产　　宏观大类：关注本周市场对于波动率的抬升　　今年前五个月的市场叠加着上周美国监管层对于金融领域的放松窗口开启，进一步确认了此前我们对于美国经济走向过热的判断。在这一情况下，中期内价格上升的压力将成为大概率的事件，而叠加着新兴市场风险和欧洲风险对于全球套利资金的向美国市场驱赶，这种压力到来的时间点可能提前。5月美元反弹背景下美元流动性的阶段性宽松间接暗示了资金流向美国市场的可能。　　在美国经济过热的背景中，价格上行的路径值得进一步探讨。我们注意到在欧洲一季度经济表现并不尽如人意(欧央行认为是临时性表现)，而意大利等国CDS大幅攀升、德银估计大幅下挫的情况下，欧央行依然向市场释放退出QE的政策预期，似乎释放了欧元流动性收紧风险可控的预期。如是，在欧元阶段性因为风险释放之后企稳的过程中，对于未来欧元来说构造了低位入场的机会；否则，这种风险的出清增加了欧元区的不确定性，市场短期流向美元资产的概率继续增加，而过热的经济中利率的继续上行同时抬升了美元资产的波动率中枢。　　大类资产配置展望：　　股指：央行增加抵押稳定流动性的预期阶段性改善了风险偏好。截止5月经济数据的依然相对乐观增加了市场在信用风险继续释放过程中的乐观，CDR基金的设立继续改变着市场的市场组合预期，但是新兴市场货币风险的扩大部分抬升了市场对于A股的风险溢价，期指上周呈现先扬后抑的特征。关注本周欧美央行议息会议，外围市场的利率上行预期料增加了国内估值在低位继续调整的可能。　　国债：货币政策的边际放松继续抬升了市场对于利率的正向预期。违约风险陆续增加的环境中，信用继续收紧的预期逐步放松带动了利率回落预期；但是外围市场利率的延续上行预期增加了国内利率下行的阻力。自我们发布报告“短期做陡空间不大”以来，在国内经济上行预期收敛的带动下期限利差继续收窄，显示出市场对于未来的乐观继续下调。预计利率高位震荡的模式仍将延续，触发因素仍在酝酿中。　　贵金属：央行货币政策的可能改变增加了利率阶段性上行的风险。而叠加着经济乐观指数回落的影响下，预计增加贵金属的避险需求(金强银弱)，我们不排除美元和黄金阶段性通胀的可能性。中东的风险值得进一步关注，临近月末OPEC会议，上述影响因素料对于市场的通胀环境形成新一轮的方向影响。　　策略：增加黄金或波动率资产的配置　　风险点：美国经济数据超预期回落　　贵金属：预期的货币政策拐点料将到来　　上周金银如期反弹。美国经济过热风险继续增强的情况下，市场对于美国通胀预期进一步上升；而外围市场来看，随着市场对于美元资产的配置增加，新兴市场等资金面临越来越大的流出压力，从此前的阿根廷、土耳其，到现在的印尼、印度货币压力逐渐上升，提升了市场在全球经济分化预期增加的情况下对于黄金的避险偏好。　　本周是风险事件云集的一周。14日从凌晨的美联储到下午的欧央行，15日的日本央行，都将展开年中的议息会议，截止到目前汇总的央行预期显示，美联储将如期加息25BP而将美联储的货币政策框架从危机状态转向正常状态；欧央行可能宣布未来退出QE的计划，而日本央行也可能在美日利差扩大下增强对日元的干预。货币政策的可能出现方向性变化预计将继续抬升外汇市场波动率(从此前的新兴市场过渡到发达市场)，从而增加市场的避险情绪。　　策略：反弹，关注主要央行货币政策变化　　风险点：油价大幅走低　　中国宏观经济：金融扩大开放，关注美欧议息会议　　金融方面预计短期外汇储备规模仍有下滑空间；贸易方面预计进口增速仍有望保持较快增速，而在出口方面短期不必太悲观；通胀方面，预计6月CPI增速略有提升，PPI仍有上行空间。本周银保监会公布了银行业开放措施，银行业的开放可以通过引资增强中资银行的资本实力和流动性，又可以借鉴外资经验提升中资银行的经营管理和风险控制水平，提振国际市场对我国银行业整体的信心。未来三周时间内，证券等金融行业的开放值得期待。周四将举行美欧议息会议，未来需要关注美联储从危机政策中的走出以及欧日央行从宽松中的退出对于全球货币流动性形成的再次冲击，短期来看还需关注美欧议息会议中可能存在的变化对于强劲的美元指数后续的支撑程度。　　策略：无　　风险点：地缘政治冲突，贸易冲突 　　金融期货　　金融期货：关注本周议息会议　　国债期货：关注央行行动　　基本面方面，从PMI、出口、PPI以及高频数据来看，5月乃至6月的经济表现可能环比改善，但是目前由于融资数据以及地产中的销售、资金到位等较为重要的领先数据表现不佳，融资收缩的主逻辑无法证伪。此外，当前的通胀水平对长期利率难以构成压力，由于今年通胀中枢抬升的预期大多已被市场定价，通胀走高对市场的影响程度或弱于通胀低于预期的影响。短期来说，本周需要关注的是美联储议息会议以及央行的行动。联储本周加息似乎已经成为板上钉钉的事情，对于国内来说，目前中美利差仍处于历史较低位置，央行或将跟随美联储加息，放量提价政策或将延续，对利率债有短期负面影响，但预计并不影响趋势。综合来说，主逻辑未被证伪的情况下，难言趋势扭转，对应当下，投资者对于降准预期的阶段性落空导致利率债近期出现调整，但债市无需过虑，长端利率下行仍是最小阻力方向。　　策略：短期谨慎后期关注逢低介入机会　　风险点：经济环比反弹　　股指期货：防范市场风险　　上周由于央行宣布扩大抵押品范围到接受AA+、AA级债券，有利于引导市场的融资功能恢复，提高市场风险偏好，股市出现连续的反弹。但是直到上周五，G7内讧升级，亚洲股市集体跳水，股指出现大幅回调，和我们此前预期一致股指仍尚未摆脱底部震荡格局。综合来说，市场的下跌是由风险积聚造成的。从近期积聚的风险主要有国内风险和海外风险两类。国内风险主要是在经济出清的过程中，信用风险逐步暴露引起的，特别是债券违约事件对市场情绪的影响。从海外风险来看，美联储6月加息是大概率事件，这是制约包括A股在内的全球风险资产估值高度的核心因素。全球贸易冲突又增添了变数，引发市场动荡。短期行情仍将会维持弱势震荡的运行节奏，认同指数目前已经处于底部区域，但预计后续打破当前A股胶着格局的或在于信用方面的边际变化以及海外风险的改善。预计目前A股仍然处于反复磨底阶段，趋势性行情可能性较小。　　策略：短期仍处反复磨底阶段　　风险点：估值修复超预期　　原油&成品油　　原油：关注INE SC主力合约换月情况　　全球即将迎来夏季出行高峰，炼厂复工将提振原油需求，且炼厂总体加工利润偏高，此外受到库欣低库存的制约，我们认为两油价差进一步拉大的空间有限，近期需要关注委瑞内拉局势影响　　策略：多SC空Oman或多SC空Brent　　风险点：巴士拉OSP大幅下调　　沥青：现货涨幅或已受限　　现货端价格偏强走势支撑了期价的走强，上周四收盘价较周初上涨2.32%，主力1812合约上周五下午收盘报收3192元/吨，较前一日结算价下跌48元/吨。目前沥青期货价格上行受到下游供给端提价的支撑，但继续上涨短期受到油价回调的压制，沥青基本面本月内在国内外供给收缩的影响下相对强于面临增产压力和汽油需求或不及预期的原油市场。　　根据彭博援引普式能源的报道，委内瑞拉国家石油公司PDVSA已告知8家主要原油买家，其将无法在6月份全面兑现149.52 万桶/天的供油承诺，预计将减少至 69.4 万桶/日。我们的观点是委油收紧是大概率事件，但考虑海上运输时间，影响在7月份之后，并不是导致目前沥青供应偏紧的主要原因。　　策略建议及分析　　建议：等待期价短线回调后，做多1812合约。　　风险：委内瑞拉局势冲击油价减产联盟恢复原油产量　　有色金属　　铜：供应干扰尚未结束，需求转淡程度暂不严重　　当周走势：6月4日至6月8日，铜价格整体上涨。　　现货市场方面，上周现货整体由升水转成贴水，并且贴水幅度有所扩大，不过，因期限结构，特别是远期合约升水的扩大，套利买盘成为市场的核心支撑力量，现货贴水难以进一步扩大。　　上周，LME库存整体有所下降，下滑主要集中在欧洲和亚洲仓库，美洲仓库有所回升，主要是LME和COMEX之间的套利引发。　　上期所库存整体下降，受到国内精炼铜冶炼以及再生冶炼厂环保干扰，预估6月精炼铜产量或受到一定的影响，在冶炼产能受干扰的情况下，铜精矿加工费上周再度小幅扩大。　　据最新消息，目前BHP正在审视工会给出的奖金以及加薪提议，双方都有达成目标的期望，近期将再次会面。但是在最终协议达成之前，继续会对铜价格有一定支撑。　　产量方面，2018年5月SMM中国精铜产量为74.73万吨，环比增加1.29%，同比增加19.57%，1-5月累计产量为360.36万吨，同比增长13.4%。因环保及部分铜炼厂设备故障及检修，SMM预计6月中国精铜产量较5月减少至72.89万吨，环比减少2.46%。　　进口方面，中国5月进口476,000吨未锻轧铜及铜材，为2016年12月以来最高水平；高于上月的44.2万吨，主要是此前进口窗口接近打开，不过，近期进口亏损幅度扩大，因此预估后期进口将受到抑制。　　5月铜精矿进口环比增加有限，因此，整体产量方面此前弹性已是近期高点。　　下游需求方面，据SMM调研数据显示，5月份铜杆企业开工率为80.42%，同比增加5.88个百分比，环比下降3.29个百分比。预计6月铜杆企业开工率为78.61%。　　综合情况来看，全球范围内供应的干扰比较集中，并且对冶炼环节影响更大，智利铜矿谈判尚未落地，因此供应方面依然对铜价格有一定支撑；需求方面逐步转入淡季，但目前转淡的程度还不是很严重，因此，铜价格在经过大涨之后，本周或以震荡为主。　　策略：偏强格局　　风险：供应缓解　　锌铝：锌大涨后下游需求转弱铝政策出台预期增强　　锌：国内外社会库存仍然处于历史相对低位，锌价大涨后，国外现货升水仍在扩大，而国内现货跟涨略显乏力。6月仍有较多冶炼厂检修，预计07合约逼仓风险仍较大。需求方面，下游镀锌企业产能利用率再度下滑，锌锭库存较上周增加，锌锭由升水转为贴水，后期需关注锌保税区累积库存清关流入情况以及6月份锌消费情况，若届时国内库存再度累积，则锌价仍有下跌空间。下半年为国外锌矿投产高峰期，我们维持对锌矿供给的恢复预期，中线偏空。　　策略：建议暂时维持观望。　　风险点：下游消费超预期好转。　　铝：国内方面，由于自备电厂整治落实可能性偏大，电解铝成本支撑可能将得到强化，预计短期国内铝价下跌空间不大。目前国内库存下滑幅度较大，亦支撑国内铝价。当前内外盘比值重心再度上移，国内铝材出口盈利丰厚，前5个月铝及铝产品出口增速创下近2年新高，未来铝材出口或加速国内去库存速度。但三季度为国内电解铝投产高峰期，叠加当前铝厂利润扭亏为盈，或加速电解铝投放速度，铝价上行亦有一定阻力。　　策略：逢低做多。关注库存变动及国内新投产进程。　　风险点：海外政治事件反复，新增产能超预期释放。　　镍：镍价对供应较为敏感，未来供应有三条路径　　6月4日至6月8日，上期所镍价整体冲高回落。　　精炼镍方面，上周，LME库存降低8600余吨，总量降低至27.9万吨，上周五库存虽然小幅增加，不过，整体上是入库大于出库导致，出库量依然比较大。　　上期所镍仓单和库存则延续继续下降格局，上周精炼镍进口亏损幅度有所扩大，继续阻碍　　精炼镍进口。　　镍铁镍矿方面，上周镍铁整体补涨，当前镍铁对镍价折价幅度回归，镍铁产量受到环保的限制，另外，港口镍矿库存环比大幅减少，预估镍矿价格或小幅补涨。　　不锈钢方面，8日，不锈钢价格再度下降。　　由于本轮镍价的主要驱动力量是供应，因此，镍价对供应较为敏感，而我们总结未来影响供应的因素大致有三个方向：　　1、隐性库存的回流：　　截至2018年6月初，库存已经下降至28万吨下方；距离2015年46万吨的高点已经下降39%。市场一度怀疑库存的快速下降是否存在显性转为隐性的可能，我们的研究认为，库存的下降，主要是精炼镍自身出现供需缺口，虽然在此过程中，存在显性转为隐性的可能，但从计算结果来看，大约只有4-5万吨左右。因此，隐性库存的回流对于镍价的阻力力量是有限的。　　2、停产企业复产：　　昆士兰镍资源资源公司6月6日发表声明称，公司已经批准了重启Townsville附近的冶炼设施的计划；这意味着2015-2016年期间停产的企业开始逐步进入复产阶段。根据我们的统计，此前最大的关停产能大约为13万吨，其中Queensland占据46%。即便这些产能均复产，最终也难以使得全球精炼镍供需平衡的改变，但会阻碍镍价的上涨步伐。　　3、湿法镍冶炼产能的投放：　　通过湿法冶炼的方式，从红土镍矿提取镍的中间体，成为未来硫酸镍或精炼镍供应的预期核心来源，按照现有湿法产能的综合情况，平均现金成本大约在10-11万元/金属吨。但是湿法冶炼投资成本巨大，尽管部分企业努力尝试改进，但是仍然难以回避高达40万元/吨的初始投资成本。面对高额的投资成本，生产企业便面临两难选择，如果不投产，则镍价上涨的格局维持，而如果大规模投产，镍价则从牛市转成熊市，投资成本难以收回；我们认为，当前的镍价之下，暂时不支撑较大规模的湿法镍冶炼产能投放。　　综合情况来看，停产企业的复产一定程度上使得供应紧张的预期有所舒缓，但是停产企业复产是个逐步过程，而按照当前的去库存速度，越晚复产实际上影响力越小，整体上，除非湿法冶炼大规模投放，镍价的回升格局难以改变，企业复产和隐性库存回流对于镍价的打压力量有限，短期镍价或以高位震荡为主，但趋势格局不变。　　策略：趋势不变　　风险：湿法冶炼产能投放　　黑色建材　　钢材：供求仍偏紧，期价高位盘整　　上周黑色品种成材走高原料盘整，螺纹钢、热轧卷板在环保及MLF扩容影响下继续走高，周内螺纹钢1810合约涨1.93%，热轧卷板1810合约涨0.90%。现货市场上，钢材周内价格震荡上扬，较前一周小幅上涨，唐山本地及昌黎普方坯主流出厂3680元/吨，较上周五涨10元/吨；上海螺纹钢现货涨60元/吨至4110元/吨，涨幅1.48%，期现价差小幅收窄。　　宏观层面分析，国内MLF扩大抵押品范围，6月美联储加息概率大，国内降准预期仍在，地产基建增速下滑。欧洲存在一定风险。　　钢材基本面分析：　　供给：全国高炉开工率71.41%环比降0.41%，产能利用率79.77%环比降0.88%。新增检修高炉5座，复产高炉2座，本周大高炉检修个数增加，叠加华东区域限产，铁水产量小幅下降。螺纹周度产量309.47万吨，较上周减1.11万吨；热卷产量336.19万吨，较上周减4.67万吨。　　需求：本周上海线螺采购量30429吨，较前值下降25.24%，需求仍处在偏高水平。从贸易商建材成交日度数据来看，本周日均值17.35万吨，较上周下降2.35万吨，5月日均为19.47万吨。5月份钢材出口量为688.3万吨，相比上月上升40.3万吨，较去年减少10万吨。　　库存：上周钢材库存较前值减少49.99万吨。螺纹钢社会库存减少24.88万吨，厂库减少4.45万吨；热轧社会库存下降1.24万吨，厂库增加1.82万吨。　　观点： 　　钢材库存从年初历史新高，降至目前连续两周近年同期最低，同时粗钢产量也创出新高，可以认为消费远超预期。消费持续性虽有分歧，但在库存未能重新累积之前，钢价仍将保持强势。只是下周有美联储加息，美方公布关税清单等多个事件冲击，风险较大，预计钢价维持高位盘整为主。　　本周策略： 　　策略：谨慎投资者可暂时观望。　　套利方面：　　1、跨期套利：螺纹钢买1810合约抛1901合约　　2、跨品种套利：买螺纹1810合约抛热卷1810合约　　风险点及关注点：　　1、政策影响终端用钢需求；2、环保限产政策执行力度；3、下游终端行业用钢需求的表现。4、美联储加息。　　铁矿石：矿企爆炸影响，价格略有提升　　上周黑色品种成材走高原料盘整，螺纹钢、热轧卷板在环保及MLF扩容影响下继续走高。周内螺纹钢1810合约涨1.93%，热轧卷板1810合约涨0.90%。原料端铁矿石受矿企爆炸影响略有走高，上周以震荡上扬为主，铁矿1809涨1.52%，减仓9.3万手。　　现货市场上，周初在钢价走强、矿山爆炸影响下大幅拉涨，周末有所回落，整体小幅上扬。Mysteel进口矿港口现货62%澳粉指数469，环比上周涨10；Mysteel62%澳粉指数报65.1，环比上周涨0.6。　　宏观层面分析，国内MLF扩大抵押品范围，6月美联储加息概率大，国内降准预期仍在，地产基建增速下滑。欧洲存在一定风险。　　矿石基本面分析：　　供给：北方港口到港量826.3万吨，环比减少235.8万吨；澳巴铁矿发货总量略增，发货2544.0万吨，环比增加18.9万吨。　　需求：全国高炉开工率71.41%，环比下滑0.41%；上周45港口日均疏港量275.52，较上周五降10.33，处于正常水平。　　库存：铁矿石港口库存15914.61万吨，较上周五降125.55万吨。钢厂铁矿石可用天数25.5天，较上周持平。　　观点： 　　矿山爆炸影响应有限，除非出现全国性检查。铁矿自身基本面依旧乏善可陈，只是钢材利润对其有托底，仍维持区间震荡思路。下周有美联储加息，美方公布关税清单等多个事件冲击，风险较大，关注汇率变动对铁矿的影响。　　本周策略： 　　策略：谨慎投资者可暂时观望。　　风险点及关注点：　　铁矿石：1、贸易争端再度引发系统性风险；2、环保限产超预期；3、矿山发货量超预期；4、关注钢厂采购偏好；5、美联储加息　　焦炭焦煤：环保抑制供给，淡季煤焦现货价格保持涨势　　观点：上周焦炭焦煤1809合约双双探底回升，走势弱于钢矿期货。上周焦化企业提出第七轮上涨后，焦化企业总体开工率小幅上升。下游方面，螺纹钢社会库存下降速度仍旧较快，厂内库存也继续下降，钢材价格震荡上涨。当前环保对黑色供给有一定影响，使得淡季需求下降背景下现货价格保持涨势，预计焦预计后期煤焦期货或维持震荡上涨格局，建议继续持有低位焦炭、焦煤1809合约多单。套利方面，焦炭、焦煤1809合约比价回落至1.65左右，建议买焦炭抛焦煤1809合约套利组合减仓持有。　　现货情况：上周焦炭市场大幅上涨，焦化企业完成第七轮涨价。澳洲煤价格连续上涨，上周中挥发焦煤上涨至193.75美元/吨，折算成人民币1482元/吨。蒙古炼焦煤价格持稳，上周入境车辆大幅下降至500辆/天左右，主要是因为口岸做临时性调整，控制进车辆。　　价差情况：日照港准一级冶金焦价格上涨至2200元/吨，8日收盘焦炭主力1809合约期现价差为-125元/吨左右，近期普氏京唐港澳大利亚中等挥发焦煤价格高于山西煤，低于蒙古煤，8日收盘焦煤主力1809合约期现价差在平水左右。(与山西煤价差)　　周度供需和库存数据：上周焦炭四大港口库存下降9万吨至356万吨，港口焦炭库存继续下降，贸易商拿货谨慎出货情绪高。上周炼焦煤港口库存下降6.6万吨至230.5万吨，焦受澳洲铁路运输问题、国内炼焦煤价格上涨影响，海运煤价格也在上涨，目前国内采购暂持观望。上周钢厂及独立焦化企业炼焦煤库存小幅下降，钢厂采购意愿较强，带动炼焦煤价格上涨。上周独立焦化企业总体开工率下降，主要是内蒙、山东地区开工下滑。上周全国高炉开工率小幅下降至71.11%，连续两周下降。上周南方地区降雨增多，钢材成交数据小幅下降，钢材社会库存下降约40万吨，降幅大于同期水平。　　本周策略：以高位偏强震荡思路对待，低位多单继续持有。套利方面：买焦炭抛焦煤1809合约减仓持有，焦炭买1809合约抛1901合约套利继续持有。　　风险点：各限产城市钢厂及焦化企业限产执行情况，钢厂补库力度，蒙古进口炼焦煤数量超预期变化。　　玻璃：淡季不淡，玻璃高位震荡　　上周玻璃主力1809合约微涨0.14%，总体呈现高位小幅震荡态势。沙河地区玻璃价格上涨后其他地区玻璃价格也同样有所上涨。淡季玻璃库存下降幅度较大，今年玻璃淡季不淡，玻璃企业及贸易商信心增加。　　库存方面，周末浮法玻璃产能利用率为71.87%；环比持平，同比下降0.07%。在产产能93144万重箱，环比持平，同比增加360万重箱。周末行业库存3299万重箱，环比上周下降33万重箱，同比下降37万重箱。产能方面，本周产能没有变化，前期点火复产的几条生产线都在本月中旬左右引板投产，主要是集中在华中和西南等地区。　　观点：　　近期玻璃去库存速度快于往年同期水平，库存压力下降后市场信心有所增加。近期玻璃产能变化不大，供给端压力尚可，而需求端则呈现淡季不淡特征。沙河地区大型玻璃企业计划提高玻璃价格，南方地区由于降雨因素近期现货市场走势偏弱。玻璃期价大幅上涨后升水于现货，上周五收盘玻璃主力1809合约升水幅度约73元/吨，玻璃期货大幅大涨透支了现货涨价预期，但考虑到沙河地区玻璃价格或继续上涨，可先观望，不急于做空。　　策略：　　观望，等待逢高做空机会。　　风险点：　　产能变化不确定，房地产市场变化超预期，周边市场情绪。　　能源化工　　PTA:油价继续下调，PTA震荡偏弱　　观点：上周国际油价继续下跌，PTA期价震荡偏弱，现货供应相对偏紧，主流供应商积极参与现货买盘，基差从周初升水30扩大至40-45，聚酯让利促销带动产销回升，加之主流大厂喊价刺激投机需求。后期来看，6月中旬PTA集中检修装置恢复，但下游聚酯高开工下，供需格局恢复估计要到下旬。对期货盘面来说，国际油价下调及终端开工下滑对盘面形成拖累，但低加工差下，期价下移空间相对谨慎。　　策略：空单谨慎持有　　风险：国际油价高位反复、织造需求淡季不淡 　　动力煤：神华外购长协限价，动煤期价高位回落　　观点：上周动煤期货冲高回落，产地环保严查及内蒙煤管票限制消息令盘面一度亢奋，但港口现货5500大卡煤主流报价突破700后，市场对政策担忧开始加剧，加之周五盘后神华宣布为稳定煤炭市场形势&保障社会用煤安全将把外购长协价格控制在600以内(目前6月长协在625)，期价应声而落。基本面方面，6月南方雨季水电补充提升，日耗逐步回归至正常波动区间，但环保严查影响下产地供应释放受限，供需面相对偏紧。对于1809月合约来说，淡季提前发力以及政策忧虑下高位调整风险仍存。　　策略：1809合约空单持有，短期目标600　　风险：日耗超预期回升、产能及产量释放不及预期　　聚烯烃：聚烯烃供需矛盾不突出，期价震荡运行　　本周观点及策略：本周聚烯烃基本上围绕9300一线震荡，并无明显主驱动。供给方面来看，随着镇海炼化、吉林石化、四川石化的开车，预计供给有逐步增多的可能。需求方面，LL仍处淡季，BOPP因下游利润微薄，订单跟进一般，LL和PP的终端均较为弱势，跟涨乏力，投机需求几无，对价格提振较弱。供需而言，随着装置的复产，聚烯烃开始面临向下的压力，下周去库速度有望趋缓，但压力不会很突出，因此，我们认为聚烯烃短期或弱势震荡为主，鉴于LL当前库存情况较差，且需求处于相对淡季，策略上可考虑逢反弹做空LL。　　单边：反弹做空　　套利：L-PP观望；跨期观望　　主要风险点：低价激发额外补库需求；原油的大幅摆动；宏观扰动　　甲醇：供需矛盾缓和，甲醇高位震荡　　观点：甲醇装置复产后影响显现，本周甲醇现货维持跌势，产区价格出现了较为明显的下跌，港口现货亦受到拖累，有所下滑，期价周内高位震荡，基差进一步收窄。供给方面来看，后期内盘供给增量有限，外盘因欧洲价高，或部分流向欧洲，暂缓矛盾，但中期来看，6-7月进口将从50多万吨的低位回升。需求方面，传统下游迎来需求淡季，预计表现一般；烯烃阳煤恒通、南京惠生、中原石化MTO装置复产，增加对甲醇的外采需求，甲醇供需矛盾较前期有所改善，禾元预计6月底复产，斯尔邦预计7月中旬检修，短周期看，兴兴和禾元复产前，预计甲醇仍将会小幅累库，但因绝对库存低位，供需矛盾并不尖锐，建议观望为主。　　策略：单边观望；PP-3*MA和MA9-1反套建议止盈。　　风险：康奈尔、常州富德MTO装置意外变化；国内外新装置意外；伊朗问题　　RU:关注产区天气，沪胶低位运行　　点：6月上旬的供需基本面转向宽松，在盘面上有所反应，就重卡数据来看，5月份销售继续保持旺盛状态，不过，后期橡胶下游轮胎出口或将受到影响。短期消费或可以维持，因此，接下来需要关注的是供应端变化对于价格的影响，重点关注产区天气以及原料价格走势。没有新因素出现之前，沪胶价格或维持低位震荡。空头做好随时离场的准备。　　PVC:消费走淡，关注高位风险　　观点：短期因为信发的减产，导致上游开工率阶段性走低，产量有所减少。但从检修计划来看，6月份检修装置相对5月份要少。随着检修高峰的过去，供应量将重新恢复宽松格局，下游消费则变化不大，且短期受环保影响，有转弱迹象。因此，下周更多关注期价高位风险。　　策略：空头思路　　风险：产量缩减明显，库存继续下降，下游消费好转，国内外货币政策等　　农产品　　白糖：回顾本周行情，受到巴西货币汇率大幅波动影响，原糖向下回踩。截止发稿时，ICE原糖主力合约本周最高触及12.54美分/磅，最低至11.60美分/磅，最后报收于12.25美分/磅，跌幅2.00%。本周CFTC原糖期货期权基金净持仓由空翻多，值得注意。　　国内则在本周受到原糖波动以及甘蔗直补传闻的共同影响，价格出现下跌，并再创本轮熊市的新低。主力合约报收5248元/吨，下跌234元/吨，跌幅4.27%。现货方面报价出现回落，广西柳州中间商报5610元/吨，下跌40元/吨，云南昆明则为5300元/吨，下跌60元/吨。 　　对于后期的展望，一是看市场对印度、泰国新榨季种植情况；二是巴西18/19榨季开榨进度以及甘蔗制糖比的变化；三是宏观上美联储加息后的影响、美国与巴西政治格局变动、原油对巴西国内汽油以及乙醇的影响以及雷亚尔贬值的幅度；四是欧美贸易战对全球食糖和含糖食品贸易的影响；五是国内白糖销售情况；六是市场对17/18榨季的产量和进口政策变化，特别是进口印度糖这块的变数；七是抛储和直补及其对现货市场的冲击情况；八是18/19榨季国内甘蔗与甜菜生长苗情。对于2018年度走势，我们认为端午节后国内白糖期货将在苗情不佳和原糖上涨的背景下出现中度级别反弹，而在夏季之后，随着糖厂销售压力增大以及受宏观走弱影响，白糖价格将出现逐步下跌的行情，趋势有望持续到18年年底之后，而到18年底或者19年初届时糖价有望出现周期性大底。　　策略::我们认为在五一节后国内糖市处于短期磨底的阶段，近期甘蔗直补的传言打压了糖价，市场也陷入恐慌中，目前国内进入了糖市的“至暗时刻”，距离熊市周期底部越来越近。对于短期投资者可以利用传言进行逢高抛空操作，而对于长线投资者而言，目前已具备逐步轻仓买入的条件，后期可以直接逢低买入远月合约，下方极限5000元/吨左右。期权方面，现货商短期可在持有现货的基础上，进行滚动卖出略虚值看涨期权的备兑期权组合操作。未来1年左右，备兑期权组合操作可以作为现货收益的增强器持续进行。而对价值投资者而言，亦可以先卖出虚值看跌期权，并赚取其时间价值，随后再直接买入虚值看涨期权博取收益最大化。月差方面，投资者可以逢高构建809-901以及809-905的反套组合，长期目标为远月升水200元/吨。　　风险点：国内政策风险、产量不及预期风险、国际汇率风险、现货偏紧风险、气候变化风险。　　棉花棉纱：未来展望：从国际来看，目前美棉出口维持强势，印度新花价格维持稳定，而原油价格的趋势性强势同样对化纤利多；对于国内，大格局上看，17年国储轮出顺利，去库存较为成功，新年度库销比大幅下降26个百分点至102%，基本面进一步转好，价格总体平稳。随着2018年国储轮出和贸易战的开始，在国储库存下降后以及进口棉花、棉纱成本上升后，总体价格中枢将逐步上升。同时我们要注意到自2018年6月4日起至本年度轮出结束，储备棉轮出交易仅限纺织用棉企业参与竞买，停止非纺织用棉企业参与竞买。　　策略：美棉价格长期维持强势，5月供需报告利多，周四棉花论坛有消息称中国要进口100万吨滑准税配额利多美棉，同时德州干旱有可能对2季度播种的美棉产生不利影响；而国内短期工商业库存偏高，总体仓单+有效预报数量处于历史最高位，并且棉协发文表示有关部门采取多项措施保障棉花市场供给，压制了市场价格，同时也使得目前的基差和内外价差得到了充分的修复。长期而言，随着抛储的进行未来不断进行去库存，长线价格中枢将不断上移。对于投资者而言在持有底仓多单的基础上维持波段操作。长期投资者可以逢低买入并长期持有1901期货多单，第一目标在18000元/吨以上，第二目标位20000元/吨，第三目标位22000元/吨。针对场外期权投资者，则可以直接轻仓逢低买入略微虚值1809或1901的看涨期权，并等到虚值期权变成实值期权后滚动至下一个虚值期权，以博取收益最大化；对于现货和持有仓单的企业，亦可以在持有现货/仓单的基础上买入虚值看跌期权以构建保护性卖权(Protective PutOption，PPO)策略。这样，既可以规避价格下跌的风险，同时可以博取价格上涨后现货端的收益。　　风险点：全球种植面积超预期风险、宏观汇率风险、国内政策超预期风险、替代品价格下跌风险。　　豆菜粕：天气良好叠加出口数据不佳，美豆大幅下跌　　美国大豆产区天气总体良好，上周USDA作物生长报告公布大豆优良率为75%，好于市场预期74%，同时种植率和出苗率继续高于去年同期和五年均值。今年大豆播种和生长开局几近完美，而大豆播种进度快往往预示着更好的单产潜力，对豆价产生利空。旧作年度，上周出口数据不佳，截至5月31日当周美国新旧作订单合计净增20万吨，低于市场预估区间。新作生长进度良好叠加出口不佳，美豆大幅下跌。　　6月12日USDA将公布6月月度供需报告。市场普遍预计USDA将进一步下调阿根廷大豆产量预估，全球期末库存也将随之下调。不过一般规律USDA在6月报告不调整美国新作单产，维持48.5蒲/英亩趋势单产不变，而目前美国新作大豆播种和生长情况良好，因此新作平衡表对市场指导意义不大。另外6月30日的最终面积报告值得后期关注。　　国内豆粕现货仍然表现疲弱。未来进口大豆到港充裕，港口和油厂大豆库存位于历史同期最高。上周开机率略增至47.8%。需求端，上周豆粕日均成交量继续下降至6.32万吨，下游生猪养殖亏损，而油厂豆粕库存连续5周保持在110-120万吨高水平，拖累基差保持弱势。我们预计现货基差的疲弱态势可能在9月前都难以改善。　　策略：美国天气良好，价格可能继续下跌；国内豆粕现货压力巨大，基差将持续疲弱　　风险：美国出口；美国新作大豆播种进度，天气　　油脂：本周国内油脂盘面大幅下跌，前期菜油引领的上涨更多的是靠远期临储库存消化的因素，现货端涨幅不及期货端，期现货存在一定背离，终端市场对当前菜油价格认可度不是很高，下游需求较差，临储菜油消化速度缓慢，仍有50%左右尚未出库，目前的进口和消费节奏下，菜油商业库存9月底前压力仍然偏大。现阶段三大油库存压力仍大，上涨难以持续，本周资金大幅减仓，及时获利，预计盘面接下来走势会在预期和现实之间频繁震荡，等待期现共振走强。　　策略：逢高空P1809　　从中长期角度看，本年度油脂基本面仍较偏空，而本年度压力主要体现在棕榈油复产上。豆棕价差在5月持续缩小，不利于棕油消费，而近期进口利润改善，促使进口商大量订船，后期棕油库存回升可能较大。　　风险： 价格处于相对低位棕油产量波动　　棕榈油91反套　　从中长期角度看，本年度油脂基本面仍较偏空，而本年度压力主要体现在棕榈油复产上。而一般情况下，下半年是复产高峰期，今年5月产量降低主要因马来斋月影响，但棕榈果本身仍在树上，和干旱所造成的减产不同，大概率产量会在下半年得到修正，而国内近期大量进口使得后期库存压力不小，在此影响下，预计棕油91反套能有机会。　　风险： 棕油产量波动　　玉米：远月升水有所收窄　　接下来市场需要根据临储拍卖成交和出库情况来预估旧作实际供需缺口，并结合新作产量前景来判断下一年度供需格局，在这种情况下，旧作玉米期价更多关注现货价格走势与临储拍卖成交后的注册仓单成本，新作更多关注国家抛储意愿和主产区天气情况；　　玉米淀粉：行业库存继续累积　　本周淀粉行业开机率虽有小幅下滑，但由于需求疲弱影响部分下游行业开机率，淀粉行业库存继续上升，这带动淀粉期现货价格相对更为弱势；考虑到目前已经进入6月中，季节性需求或将逐步显现，现实与预期博弈或逐步趋于明朗，建议继续关注行业开机率与行业库存走势，另一个值得重点留意的是华北玉米深加工企业收购价。　　交易建议：建议谨慎投资者观望为宜，激进投资者可以考虑继续持有玉米或淀粉09合约空单(如有的话)。　　风险因素：国家收抛储政策、环保政策与补贴政策　　鸡蛋：9月基差回升　　本周现货价格相对坚挺，而期价相对弱势，鸡蛋近月基差有所回升，大致与往年6月到9月间现货价格波动幅度一致，这表明目前9月期价已经大致反映往年现货季节性上涨预期，接下来需要重点关注现货价格走势，而根据供需预期和往年统计规律来看，预计接下来9月期价或在现货带动下出现阶段性弱势行情，当然，考虑到鸡蛋9月之前整体体现为供需改善与季节性规律之间的博弈，后期可能在季节性规律的带动下出现上涨，我们预计总体波动区间为3800-4200之间；对于9月之后合约而言，从育雏鸡补栏数据来看，后期供需有望继续改善，而届时不再有大的节假日备货需求，使得业内人士相对更为看空，后期重点关注1月做空机会，主要风险在于会否出现类似于2013年年底的禽流感疫情。　　交易建议：建议谨慎投资者观望为宜，激进投资者可以考虑继续持有前期9月合约空单(如有的话)，后期在季节性上涨之前择机平仓离场。　　风险因素：环保政策与禽流感疫情等。　　生猪：本周猪价环比小幅上涨，周初外三元均价11.20元/公斤，周末均价11.29元/公斤，上涨0.09元/公斤。据博亚和讯监测，本周猪粮比6.34:1，环比增加2.33%，猪料比价4.18:1，环比增加1.45%；自繁出栏亏损157.23元/头，盈利能力环比增加8.19%，同比下降230.55%；外购养殖出栏亏损183.06元/头，盈利环比增加11.58%，同比减少97.03%；本周仔猪均价24.3元/公斤，环比下降1.58%，同比下降30.73%，二元母猪价格29.56元/公斤，环比上涨0.68%，同比下降23.81%。　　端午节临近，部分养殖户选择节前出栏大猪，因为大猪并不受市场欢迎，价格较低。也有养殖户选择压栏，对6月份猪价再次上涨充满期待。近期饲料价格下调，养殖端压力略有缓解，以压栏待售持观望态度为主，市场生猪出栏节奏放缓，加之南方台风暴雨来袭，生猪出栏也受到一定影响。目前优质标猪广受市场欢迎，加之农忙和端午对消费形成一定支撑，屠企加大屠宰量利好猪价，然而天气炎热，生猪饲养管理难度增加，逢节若生猪集中出栏的情况下，屠企趁势压价猪价或再跌。总体而言，随着大肥猪出栏进一步释放，后期猪价上涨是大概率事件。　　风险关注：原料价格风险、不可控疫情、国家政策、自然灾害　　商品策略　　商品策略：上周有色板块表现亮眼 农产品板块回调　　上周内盘有色板块上铜、铅表现亮眼，黑色板块及能化震荡分化，农产品整体回调；外盘上看能源类小幅回调，基本金属板块铜涨幅靠前，农产品整体飘绿。基差上看，黑色板块整体升水；能化板块小幅升水；有色板块整体升贴水幅度不大；农产品板块小幅贴水。9-1升贴水上看黑色板块整体为升水，且成材升水幅度靠前；能化板块上看甲醇、沥青、橡胶为贴水其余品种小幅升水；有色金属上看铅、锌为贴水；农产品整体为贴水。库存上看，上周钢材社会库存持续下降，玻璃库存小幅下降；能化板块上看动力煤六大电厂库存小幅下滑，低于去年同期，甲醇港口库存小幅上行但仍处于低位，PVC社会库存持续下滑；有色金属上看，铝交易所库存小幅下行，铜交易所库存震荡下行，锌、镍交易所库存有所回落；农产品上看豆粕库小幅回升，港口和油厂大豆库存位于历史同期最高，而玉米总库存上看回升幅度较大。　　另外，据中国煤炭资源网报道，截止6月7日，山西吕梁准一级冶金焦指数2000元/吨，周环比涨110元/吨；晋中二级冶金焦指数1900元/吨，周环比上涨100元/吨；山东日照二级冶金焦指数2080元/吨，周环比涨30元/吨；山东日照港准一级焦指数2050元/吨，周环比上涨50元/吨。于5月8日河北、山西、山东等地焦企纷纷向钢厂再次提涨焦价，幅度为100元/吨，目前有部分钢厂基本默许，主要当下山东、河北部分主流钢厂焦炭库存并不高，低于安全库存水平，采购积极性尚在。部分钢厂焦炭库存位于中低位水平。　　量化期权　　商品市场流动性：苹果、豆粕成交大幅增加　　品种流动性情况：　　2018年6月8日，镍减仓702837.54万元，环比减少7.16%，位于当日全品种减仓排名首位。天然橡胶增仓292729.60万元，环比增长3.59%，位于当日全品种增仓排名首位；阴极铜5日、10日滚动增仓最多；一号棉花、PTA5日、10日滚动减仓最多。成交金额上，苹果、铜和镍分别成交19446391.63万元、16565436.85万元和16482152.64万元(环比：104.06%、-10.86%、39.42%)，位于当日成交金额排名前三名。　　板块流动性情况：　　本报告板块划分采用Wind大类商品划分标准，共分为有色、油脂油料、软商品、农副产品、能源、煤焦钢矿、化工、贵金属、谷物和非金属建材10个板块。2018年6月8日，除非金属建材、能源小幅增仓外，各板块不同程度减仓，其中有色板块位于减仓首位，煤焦钢矿次之。成交量上有色、煤焦钢矿和油脂油料三个板块分别成交4447.77亿元、4035.07亿元和2787.89亿元，位于当日板块成交金额排名前三；非金属建材、农副产品和谷物板块成交低迷。                                            (责任编辑：DF318)"
6月11日期市财经早餐：基本金属呈现震荡态势,"　　贵金属期货　　G7峰会上美国与各盟国的关税争议成为焦点，特朗普声称将拒签G7联合公报，贸易摩擦继续升级，令市场避险情绪仍存。但美联储6月议息会议即将开始，加息预期使得美元有一定支撑，美元近期走弱幅度有限。总的来说，目前贵金属呈震荡趋势，方向难明，近期关注美联储6月议息会议。沪金1812区间270-275元/克，沪银1812区间3700-3850元/千克。　　操作上，沪金1812与沪银1812暂观望。(江露)　　沪铜期货　　宏观面，美联储加息脚步临近，市场对6月加息预期不断升温，避险情绪开始发酵，基本金属呈现震荡态势。伦敦金属交易所3月期铜收涨0.81%，报7305.5美元/吨；3月期铝收涨1.09%，报2310.0美元/吨。国内方面，官方公布的中国5月CPI连续两个月处于“1时代”，PPI环比由降转升，此外，5月进出口数据均超预期，商品板块受到一定提振。沪铜1808收涨0.54%，报54420元/吨；沪铝1808收跌0.23%，报14915元/吨。基本面分品种看，中国5月进口未锻轧铜及铜材47.6万吨为2016年12月来最高，1-5月中国累计进口未锻轧铜及铜材214.9万吨，同比增加16.7%。进口数据保持较好态势反映出国内需求端维稳，国内方面，现货端小幅贴水，下游按需采购为主。技术面，鉴于目前铜价逐步触及上方压力区域，勿盲目追高。操作上，沪铜1808合约前期多单暂持，未入场者勿盲目追高，逢低短多思路操作，仓位5%以内，并设置好止损。(江露)　　沪铝期货　　宏观面，美联储加息脚步临近，市场对6月加息预期不断升温，避险情绪开始发酵，基本金属呈现震荡态势。伦敦金属交易所3月期铜收涨0.81%，报7305.5美元/吨；3月期铝收涨1.09%，报2310.0美元/吨。国内方面，官方公布的中国5月CPI连续两个月处于“1时代”，PPI环比由降转升，此外，5月进出口数据均超预期，商品板块受到一定提振。沪铜1808收涨0.54%，报54420元/吨；沪铝1808收跌0.23%，报14915元/吨。基本面分品种看，短期环保政策预期犹存，加之近期国内库存延续下滑，短期铝期价下方受支撑，后期关注氧化铝价格以及消费端运行情况，市场预期将走弱，技术面，短期铝期价在15000元/吨附近存一定压力，暂维持震荡观点。操作上，沪铝1808合约暂时观望。(江露)　　沪镍期货　　宏观面，美国在G7峰会上与盟国贸易摩擦继续升级，特朗普拒签G7联合公报，市场避险情绪有所升温。基本面，供给端，镍铁受环保限产影响价格上涨，且电解镍库存仍在下降，供给上整体趋紧。需求端，镍铁供应受限致使电解镍需求增加，且下游不锈钢库存持续消化，不锈钢价格仍处高位，下游需求较好。总的来说，宏观面与基本片利多因素略占优势，但目前市场对镍铁限产有弱化预期，镍价有所回调。预计短期镍价将宽幅震荡，沪镍1809区间112000-118000。　　操作上，沪镍1809若有前期多单可考虑减仓止盈，无单暂观望。(江露) 　　铅锌期货　　铅，5月原生铅25.05万吨，环比3.67%同比-14.1%。河南受环保回头看原生铅受影响较大，维持铅供应短缺观点，预计铅价大概率走高。锌TC加工费低位冶炼商利润收窄，因此部分炼厂进入检修，锌价面临下方成本支撑。5月精炼锌产量42.31万吨，环比加好4.83%，同比0.81%，锌增量较少，短缺观点不变预计锌价上行概率较大。　　策略：铅锌基本面向好，锌1808合约日内运行区间23900-24900；铅1808合约日内运行区间19800-21000。操作上，铅建议多单继续持有；锌1808合约建议区间低吸高抛为主。(江露) 　　铁矿石期货　　环保限产持续影响，且外矿发货量持续维持高位，叠加港口高基数库存，铁矿石短期仍然承压，但国产矿产量减幅较大，且钢厂复产对铁矿石需求稳定，近期或仍以区间震荡为主。操作：I1809合约建议在460附近逢低买入，止损位设在455,470附近逢高止盈。(张贵川)　　钢材期货　　目前高利润驱动高产量的逻辑仍然没有发生改变，但限产政策轮番上阵，环保督察回头看也已经启动，再次推升钢坯价格，轧钢企业因利润收缩，大概率会降低产量提价，但恰逢需求淡季，下游成交难以支撑，仍可考虑逢高做空。RB1810合约建议在3780-3800区间做空，有效突破3800止损；HC1810合约建议在3950-4000区间做空，有效突破4000止损。(张贵川) 　　焦煤焦炭期货　　受焦炭价格偏强运行支撑，焦煤现货高位维稳运行，环保压力下部分煤矿限产，焦煤供给紧张。焦炭现货价格高位持稳，部分地区焦企仍在限产之中，焦炭库存普遍较低，预期后期双焦仍将继续偏强运行。操作：JM1809合约建议背靠1240逢低做多，下方止损位设在1230附近，止盈位设在1300附近；J1809合约建议2070附近逢低做多，下方止损位设在2050附近，止盈位设在2100附近。(张贵川)　　动力煤期货　　进入6月，日耗回落至66-69万吨正常水平，但电厂库存受秦皇岛港封航影响下降较多，但长期来看，影响有限。预计封航结束后，港口将集中装船发运，补充下游库存。近期09合约走势方向选择并不明确，昨日突破高点后又再度回落，表明上方压力较大，而下方支撑亦较强，其未来走势大概率维持在620-645区间震荡。近期由于09合约走势相对较强，1-9合约价差贴水，出现正向套利机会。　　操作建议：09合约可考虑在620-645区间低买高卖；可考虑1-9正向套利。(张贵川) 　　原油沥青期货　　消息面上，国际文传电讯社报道，俄罗斯6月首周增加原油产量至1110万桶/日，高于减产协议产量目标1095万桶/日，并且此前俄罗斯能源部长与沙特石油部长暗示6月会讨论放松减产约束，令原油增产预期持续升温。此外，美国油服公司贝克休斯周五公布数据显示，截至6月8日当周，美国石油活跃钻井数增加1座至862座，过去10周内第9次录得增长，而去年同期美国石油活跃钻井数为741座。综合看，俄罗斯原油产量高于减产目标令增产预期升温，同时美国石油钻井数维持增长趋势也将持续施压油价。沥青方面，华东山东地区主营炼厂开工大幅降低，供应偏紧支撑沥青价格坚挺；此外，进口沥青价格高涨，也对国内沥青价格形成有效支撑。　　操作上，SC1809背靠475元/桶逢高做空，有效突破480元/桶止损；bu1812在3150-3200元/吨区间逢低做多，有效跌破3150元/吨止损。(李彦杰)　　橡胶期货　　美原油小幅回调；东京工业品交易所(TOCOM)期胶主力合约周五收市价185.8日元/公斤；上期所天胶周五主力合约Ru1809前二十位多头持仓增加9124手至125469手，空头持仓增加10769手至174245手。橡胶1809合约周五晚间下跌80元至11440元/吨。主力合约Ru1809日K线小幅回调，成交量放大。　　操作策略：橡胶1809宽幅震荡，MACD绿柱放大，观望为主，等待突破跟进。(胡丁)　　PTA期货　　美原油小幅回调；PTA产出小幅提高；郑商所PTA周五主力合约TA809前二十位多头持仓增加7659手至320002 手，空头持仓减少23874手至375927手。PTA1809合约周五晚间下跌46元至5664元/吨。主力合约TA809日K线小幅回调，成交量放大。　　操作策略：PTA1809低位震荡，MACD绿柱收敛，轻仓短空，空头止损设在5800。(胡丁)　　玉米类期货　　上周五临储拍卖计划量399.62万吨，成交93.38万吨，成交率23.37%，成交均价1413元/吨。成交率创新低。上周总计拍卖成交342.59万吨，成交率42.99%。本周继续计划投放802万吨，其中15年粮成主力，起拍价比14年高50元/吨。拍卖热度如预期降温，但两千多万吨的待出库量仍是短期主要供给压力。天气方面：气象局预报东北地区12-15日将先后有中到大雨，局地有暴雨甚至雷暴大风或冰雹等强对流天气。降水利于土壤墒情，关注局部地区气象灾害。　　上周五全国玉米价格稳定。锦州港口新粮收购价1730元/吨，持平，其余港口价格不变。深加工厂收购价方面：山东菏泽上调10元/吨至1850元/吨，其余各地价格稳定。　　期货市场，玉米09合约上周五收盘价为1755元/吨，下跌12元/吨，持仓量减61930手至64.5万手。商品普跌，资金大量流出，玉米09合约在临储拍卖期间供大于求的基本面难改，震荡走弱。拍卖虽呈逐步降温趋势但随着拍卖粮后期集中出库，供给压力不小。而拍卖底价抬升以及长期供需缺口对期价仍有底部支撑。观望为主。 　　上周五淀粉现货价基本稳定，河南略跌，山东微涨。原料玉米价格稳中略跌，拖累淀粉价格偏弱运行。由于6月30日加工补贴期限将至，东北加工企业开机率居高不下，淀粉库存继续走高，供应充足。然而下游需求旺季不旺，短期库存难降。玉米成本降低，09合约随之震荡走弱。近日持仓、交易量有所回落，资金流出明显。盘面淀粉09-玉米09价差进一步回落，前期做空加工利润持仓获利止盈。(田亚雄)　　郑麦期货　　农村农业部消息：夏粮收获，面积稳中略减，单产持平略减。市场紧缺的优质强筋、弱筋小麦面积占30%。国家粮油信息中心公布报告显示：2018年预测小麦种植面积2383万公顷，同比降0.7%；产量1.2673亿吨，同比降2.3%。目前正值小麦收获季节，河南局部地区雷阵雨天气造成数万亩麦子出现倒伏。雷暴大风等强对流天气影响小麦收割。南阳农田普遍积水，小麦大面积倒伏，短期内机器无法收购，部分地区生芽、降等、霉病。前期倒春寒影响以及收割期天气不佳大概率导致今年小麦减产。普麦现货价格普涨，新粮质量参差不齐，优粮优价。期货市场，上周五郑麦收盘价2591元/吨，下跌34元/吨。受商品普跌影响，有所回调。主产区河南等地近日大面积受灾严重影响新麦产量和质量，消费端对新季强麦刚性需求支撑期价。短期上行趋势明显，可逢低做多，关注主产区天气以及新麦质量情况。(田亚雄) 　　白糖期货　　周五国内主产区糖厂出厂价稳中走低。广西产区报价5490-5660元/吨，云南产区报价5300元/吨，均下跌10元。全国大部分销区价格走低，终端用户按需采购为主。　　在美糖大幅下跌的背景下，产销数据利空叠加直补政策预期，周五郑糖大跌，增仓17472手，总持仓量为63.1万手。夜盘小幅回暖收于5285。雷亚尔大幅反弹，美糖走高收于12.25。　　看跌预期致使终端消费者随行就市采购，未能有效提振郑糖旺季价格。基本面来看，本榨季产糖小幅超预期，产销进度不及去年，库存整体高企，同时国际糖市偏空运行，进口和走私冲击严重，替代品果葡糖浆旺季来临，走货转好，价差继续保持较强替代性，预计夏季需求高峰糖价依然难以得到有效提振，轻仓短空为主。(牟启翠)　　苹果期货　　苹果上周五破位下行，除了07合约之外，午后全部实现跌停。除套袋数据证实苹果减产以外，当前生产与销售端都暂无重大消息，资金推动成为下跌的主要因素。此外，本次下跌引发市场对于下游需求、接货意愿的思考。　　在基本面没有改变的情况下，当前苹果操作上仍然不建议追空，适当观望，等待市场情绪缓解后再进行操作。我们仍然建议在仓单成本线下逢低做多，但短期趋势中，不宜逆势而行，下方支撑在10合约8500一线，上方空间在05合约12000一线。苹果震荡幅度较大需严格进行仓位控制，投资者应注意风险。(田亚雄) 　　棉花期货　　中储棉周五挂牌销售3万吨，实际成交1.74万吨，成交率为58%，平均成交价格折3128B级为16277元/吨。疆棉成交1.05万吨，成交率85%；地产棉成交0.69万吨，成交率为36%。第十四周储备棉抛储底价为16075元/吨，上调224元。　　周五现货市场小幅走低，CNCottonA报16849，下跌4元；CNCottonB报16381，下跌3元。　　市场延续震荡走势，政策降温后交易量继续下滑。郑棉减仓1938手，总持仓量为70.7万手。夜盘收跌于17570。郑纱收于25790。同时开市的美棉市场却节节走高，达到4年来的高位后回落收至92.53。　　内外棉花其实价格产生偏离在于市场对中国扩大棉花进口的预期，短期多空交织的格局令市场的走势显得并不明朗，但中长期来看棉市将继续回归慢牛格局，产销缺口继续显现：印度传来中国大量购买150万包新棉作为下一年度轮入储备棉的消息，印证了国储库存偏低的事实，预计未来国内产销缺口弥补来源逐渐转移到进口上，但国际棉市未来受库存走低支撑高位运行，使得进口成本难以降低。短期受抛储限令，叠加上风控规定调整及进口政策改变，短期走势不明朗，建议观望。(田亚雄) 　　鸡蛋期货　　今日北京主流价格3.43元/斤，大洋路到8车，周末出现降价，后期继续承压；山东曹县到户价3.18元/斤，内销稍慢。鸡蛋总体走货减慢，价格下降，在中秋备货期来临之前现货市场都将承受一定压力。　　现货价格下行，期货盘面提前触及震荡区间下沿。现货弱势的情况之下，下方仍有一定的空间，短期可逢高沽空，目标4000元/500千克。然而无论是从当前存栏状况还是中秋历年来的价格走势上看，08、09合约的支撑都相对稳固，中长线仍可逢低布局多单。前期推荐做缩09-08价差的策略仍可继续持有。(田亚雄) 　　豆类期货　　隔夜因美国作物天气良好，及出口放慢令人担忧，美豆弱势下跌，其中07合约收低5美分，报收于969.25美分/蒲式耳；豆一09合约收低4点至3573元/吨；豆粕09合约收低15点至2905元/吨。美豆新一轮破位印证我们前期对消息真空期的观点，美农产品天气升水已经被打到极值，且出口恢复证伪，盘面跌破10美元，技术面头部成立，引发技术抛售压力，近期关注美国的征税态度及6月15日清单公布时间点，或跌向950水平。国内连粕盘面虽有一定贸易升水，但现货根本走不动，基差一降再降，国内买船的退订恰好是现货压力的真实反应。叠加未来几月进口大豆到港充裕，基本面压力难消，此外国储大豆下周四开始拍卖，首批30万吨，传总量200多万吨，上述利空令连粕跌势扩大，短期维持偏空震荡走势。建议豆一09合约空单在3530下方适量止盈，空仓逢高短空，或暂且观望；豆粕09合约空单在2850下方适当止盈，空仓可背靠2955线试空，破2990止损。(牟启翠) 　　油脂类期货　　随着资金撤退，油脂逐渐剔除炒作升水回归至基本面。隔夜美盘刷新新低，继续拖累国内油脂走势。从供给端来看，近期内盘偏强运行令棕榈油、菜油进口利润顺挂，大豆榨利也随美盘大跌而上扬，在此情况下，国内采购、压榨的积极性并不低，油脂的中期供应十分充裕，压制油脂上行空间。需求端，因夏季油脂需求季节性转淡，需重点关注原油走势对生柴需求的影响。但在6月22日OPEC会议前，原油市场整体氛围偏空，短线预计对油脂提振有限，但靴子未落地亦难大跌。总体来看，豆油仍处于上有压下有撑的震荡格局，随着Y1809回落至震荡区间下沿5700-5730附近，可背靠该价位逢低轻仓试多。　　今日MPOB将公布马棕5月供需情况，市场预估5月产量在147-150万吨，环比下滑3-6%；出口预估在135-140万吨，环比下滑9-12%；5月末库存207-213万吨，环比下滑2-5%。关注实际数据与预期之差。(田亚雄)　　交易日历　　上海期货交易所　　交易提示：　　上一交易日ru1809合约持仓超过16万手，按交易规则，今日上述合约交易保证金上调3%。　　上一交易日ru1901合约持仓超过12万手未超过16万手，按交易规则，今日上述合约交易保证金上调1%。　　上一交易日ni1809合约持仓超过36万手，按照交易规则，今日上述合约交易保证金上调2%。　　郑州商品交易所　　交易提示：　　上一交易日AP810-905、合约出现第1个跌停板，按交易规则，今日上述合约涨跌停板为8%，交易保证金上调3%。　　上一交易日RM1808合约出现第1个跌停板，按交易规则，今日上述合约涨跌停板为8%，交易保证金上调4%。                                            (责任编辑：DF318)"
猪价主线趋稳 鸡蛋期价震荡冲高,　　 6月7日生猪鸡蛋行情回顾 　　数据来源：wind 中粮期货研究院 　　猪价小幅上扬鸡蛋价格稳定 　　卓创数据显示，昨日国内猪价主线趋稳，出栏均价11.4元/公斤，头均亏损46元。维持前期判断，6月活猪供应量取决于今年1月附近的仔猪供应量，年初育肥猪头均300元的利润，母猪存栏依旧高位，31元/千克的仔猪价格说明养殖户补栏积极性较好，市场仍将呈现猪源过剩局面。消费方面，6月为传统的猪肉消费淡季，猪肉需求量与价格均将承压，预计屠宰企业将转移终端销售压力至上游活猪收购，压制猪价反弹。 　　昨日全国鸡蛋现货价格震荡调整，产区均价3.37元/500克。如前期判断，6月鸡蛋基本面压力大概率大于5月，上一轮补栏的高峰时间显示6月供应量环比继续放大；需求方面，正值气温逐步升高，鸡蛋存储难度增大，经销商暂无备货需求，端午利好提振有限，预计鸡蛋现货价格易跌难涨。 　　鸡蛋操作建议 　　昨日鸡蛋主力合约1809震荡冲高，成交量和持仓量均上涨，日线收涨。行情位于前期4150压力位附近，未突破前期震荡区间，端午后基本面偏弱，目前价位不适合追多，稳妥者观望为主，激进者逢高做空。                                            (责任编辑：DF318)
鸡蛋：可布局中长线多单,　　提要 　　对于1809合约的操作，建议采取短空长多的策略，1809合约在4150元/500千克以上，可以逢高短空，及时止盈；在4050元/500千克以下，可布局中长线多单。  　　图为鸡蛋1809合约日线 　　鸡蛋作为一种生鲜品种，无法长期保存，蛋鸡养殖行业较强的供给惯性和下游消费较大的波动性使得蛋价呈现明显的季节性特征，而每年中秋节前，鸡蛋价格表现最抢眼。进入6月，市场资金已经开始布局中秋行情。 　　关注现货启动时间 　　从历年鸡蛋现货行情来看，中秋节前刚需较强，主要销售区域的现货价格基本在4.5元/斤以上。从时间上看，7月左右开始上涨，在中秋节前达到高位，并持续3—4周。临近中秋，市场备货完成，蛋价则出现较大幅度的回落，一般在国庆之后出现低点。 　　现货的中秋行情相对确定，但期货行情却具有较大的不确定性。只有当现货价格及其背后的供需情况超出预期时，期货价格才会跟随现货价格波动。从历史数据来看，影响期货价格的重要因素之一就是中秋现货价格启动的时间。现货价格启动的时间越早，期货盘面提前反映的可能性就越大。而现货市场的涨价实质上反映的是中秋节备货的需求。本年度中秋节时间为9月24日，中秋价格启动时间应在正常范围内。 　　如何选择合约 　　历来市场比较关注主力合约的表现，但是鸡蛋作为一种生鲜品种，储存期较短，不同时间的合约均有其自身特点。随着鸡蛋期货的成熟，尤其是在持仓限额扩大的情况下，非主力合约也有较好的机会。 　　从历史现货价格高点的统计数据来看，在过去的14年里，只有2007年的现货价格高点出现在9月下旬，2008、2010、2014、2015年的现货价格高点出现在8月下旬，其余9年的价格高点均出现在9月上旬。今年如果不出意外，现货价格高点出现的时间也应在8月下旬至9月上旬之间。 　　在1808合约和1809合约的交易时间上，1808合约的最后交易日为8月28日，最后交割日为8月31日，这一时间较为接近历年的价格高点；1809合约的最后交易日为9月25日，最后交割日为9月28日，最后交易日和交割日都在中秋节后，彼时的蛋价也将大幅度回落。从交割月的价格趋势来看，8月处在鸡蛋价格强势上涨的态势中，而9月则处于见顶下跌的趋势中。由此分析，1808合约的最终价格并不一定比1809合约低。 　　然而，在当前的期货盘面上，1809合约仍然一枝独秀，成为唯一一个站上4000元/500千克的合约。9月合约与8月合约价差甚至一度被拉大至160元/500千克以上。随着1807合约资金转移，市场将逐渐关注1808合约，提前布局1808合约可能比1809合约更有机会。 　　把握节奏最重要 　　2017年深跌之后的大幅上涨使得市场对于鸡蛋中秋行情充满期待。然而，当前1809合约已经站稳4000元/500千克的支撑，并在向上通道中持续振荡，在此情境下，把握节奏最重要。一方面，6月蛋价面临现货下跌的压力，期货盘面启动意愿不强，甚至有短期回落的可能；另一方面，对于中秋蛋价上涨的期待，使得1809合约保持一定强势。因此，对于1809合约的操作，建议采取短空长多的策略，1809合约在4150元/500千克以上，可以逢高短空，及时止盈；在4050元/500千克以下，可布局中长线多单。 　　(作者单位：中信建投期货)                                            (责任编辑：DF318)
鸡蛋现货价格稳中有涨 期价或上冲4180元/500千克,　　行情回顾：6月7日，鸡蛋1809合约收涨，开盘价4115元/500千克，收盘价4141元/500千克，较前一交易日结算价上涨29元/500千克，涨幅0.71%。持仓量增加11796手至156070手。 　　现货面：根据博亚和讯，全国主产区鸡蛋价格局部上涨，均价3。38元/斤，较6日上涨0.01元/斤，其中河南、山东地区均价最高为3.39元/斤，辽宁地区均价最低3.33元/斤。主产区鸡蛋价格持续稳中有涨，山东涨为主，其他地区局部反弹，销区北京稳、上海持涨；目前端午前部分地区鸡蛋本地销售走货加快，销区库存压力缓解，不过开产蛋鸡逐渐增加，预计短期内鸡蛋价格或稳中偏强，局部反弹。 　　小结：去年11月、12月补栏较多，预计近期鸡蛋供应有保证；而5月下旬3.5元/斤的高价蛋需求偏弱，且玉米饲料价格后市偏空，成本支撑减弱，后市蛋价涨跌主要关注销区走货情况，同时临近端午节，预计后市鸡蛋需求应有增加。根据发改委价格监测中心数据，最新蛋料比价为2.91，高于蛋料比价平衡点2.62，较上周上涨2.11%；饲料价格环比上周下跌1.24%。期市上，1809合约4070元/500千克建仓的多单已逼近4150元/500千克止盈目标，如未止盈可以继续持仓，第二止盈目标4180元/500千克。                                            (责任编辑：DF318)
鸡蛋现货价格稳中有涨 期市多单继续持仓,　　行情回顾：6月6日，鸡蛋1809合约收跌，开盘价4114元/500千克，收盘价4111元/500千克，较前一交易日结算价上涨16元/500千克，涨幅0.39%。持仓量增加3432手至144274手。 　　现货面：根据博亚和讯，全国主产区鸡蛋价格稳中有涨，均价3。37元/斤，较5日上涨0.01元/斤，其中河南地区均价最高为3.38元/斤，辽宁地区均价最低3.33元/斤。主产区鸡蛋价格整体趋稳，山东、河南等地小幅反弹，销区北京稳、上海涨；目前开产蛋鸡逐渐增加，各环节库存不多，走货情况略有好转，同时南方沿海地区持续暴雨天气影响，预计短期鸡蛋价格或震荡偏强，但涨幅空间有限。 　　小结：去年11月、12月补栏较多，预计近期鸡蛋供应有保证；而5月下旬3.5元/斤的高价蛋需求偏弱，且玉米饲料价格后市偏空，成本支撑减弱，后市蛋价涨跌主要关注销区走货情况，同时临近端午节，预计后市鸡蛋需求应有增加。根据发改委价格监测中心数据，最新蛋料比价为2.91，高于蛋料比价平衡点2.62，较上周上涨2.11%；饲料价格环比上周下跌1.24%。期市上，1809合约4070元/500千克进场的多单，建议继续持有，第一止盈目标位4150元/500千克。                                            (责任编辑：DF318)
鸡蛋现货价格持平 期价多单持仓中,　　行情回顾：6月5日，鸡蛋1809合约收跌，开盘价4094元/500千克，收盘价4109元/500千克，较前一交易日结算价下跌5元/500千克，跌幅0.12%。持仓量减少6198手至140842手。 　　现货面：根据博亚和讯，全国主产区鸡蛋价格震荡调整，均价3。36元/斤，较4日持平，其中河南地区均价最高为3.37元/斤，辽宁地区均价最低3.33元/斤。主产区鸡蛋价格整体止跌，局部有反弹，销区北京、上海整体趋稳；目前各地区走货正常，销区整体压力减弱，不过终端需求仍有待提振，多以按需采购为主，预计近期鸡蛋价格或止跌震荡调整。 　　小结：去年11月、12月补栏较多，预计近期鸡蛋供应有保证；而5月下旬3.5元/斤的高价蛋需求偏弱，且玉米饲料价格后市偏空，成本支撑减弱，后市蛋价涨跌主要关注销区走货情况，同时临近端午节，预计后市鸡蛋需求应有增加。根据发改委价格监测中心数据，最新蛋料比价为2.91，高于蛋料比价平衡点2.62，较上周上涨2.11%；饲料价格环比上周下跌1.24%。期市上，1809合约达到4070元/500千克建仓位且未被打损，建议继续持有，第一止盈目标位4150元/500千克。                                            (责任编辑：DF318)
瑞达期货：鸡蛋现货价格回调 期价弱势但建议逢低试多,　　行情回顾：6月4日，鸡蛋1809合约收跌，开盘价4110元/500千克，收盘价4098元/500千克，较前一交易日结算价下跌35元/500千克，跌幅0.85%。持仓量减少2600手至147040手。 　　现货面：根据博亚和讯，全国主产区鸡蛋价格继续偏弱，均价3。36元/斤，较1日下降0.06元/斤，其中河南地区均价最高为3.37元/斤，辽宁地区均价最低3.33元/斤。上周末两天主产区各地继续偏弱，销区北京、上海稳定；今日主产区局部地区继续回调，不过降幅减小，多地趋稳，销区广州到货压力缓解，观望心理增强，预计近期鸡蛋价格或有止跌趋稳的可能。 　　小结：去年11月、12月补栏较多，预计近期鸡蛋供应有保证；而5月下旬3.5元/斤的高价蛋需求偏弱，且玉米饲料价格后市偏空，成本支撑减弱，后市蛋价涨跌主要关注销区走货情况，同时临近端午节，预计后市鸡蛋需求应有增加。根据发改委价格监测中心数据，最新蛋料比价为2.91，高于蛋料比价平衡点2.62，较上周上涨2.11%；饲料价格环比上周下跌1.24%。期市上，1809合约受到近月合约下跌拖累期价由红翻绿，短期可能继续偏弱震荡，建议4070元/500千克逢低试多，止损30元/500千克。                                            (责任编辑：DF318)
鸡蛋现货价格稳中偏弱，受近月合约拖累期价收跌,　　行情回顾：6月1日，鸡蛋1809合约收跌，开盘价4125元/500千克，收盘价4114元/500千克，较前一交易日结算价下跌8元/500千克，跌幅0.19%。持仓量增加4838手至149640手。 　　现货面：根据博亚和讯，全国主产区鸡蛋价格稳中偏弱，均价3。42元/斤，较31日持平，其中山东地区均价最高为3.46元/斤，辽宁地区均价最低3.37元/斤。主产区鸡蛋价格持续稳中偏弱，山东、辽宁等地区再次回调，销区北京、上海稳定；目前北方下跌区域增加，销区走货情况一般，各地区蛋商采购均较为谨慎，预计近期鸡蛋价格或稳中偏弱趋势调整。 　　小结：去年11月、12月补栏较多，预计近期鸡蛋供应有保证；而5月下旬3.5元/斤的高价蛋需求偏弱，且玉米饲料价格后市偏空，成本支撑减弱，后市蛋价涨跌主要关注销区走货情况，同时临近端午节，预计后市鸡蛋需求应有增加。根据发改委价格监测中心数据，最新蛋料比价为2.91，高于蛋料比价平衡点2.62，较上周上涨2.11%；饲料价格环比上周下跌1.24%。期市上，1809合约受到近月合约下跌拖累期价由红翻绿，短期可能受制于近月合约走入区间震荡，多单如未止盈可以考虑避险平仓。                                            (责任编辑：DF318)
中信建投期货鸡蛋价格保险在四川绵阳签约,　　5月30日，“现货+保险+期货”鸡蛋价格保险签约仪式在绵阳市涪城区举行。据中信建投期货相关负责人介绍，该项目承保鸡蛋规模800吨，保险金额608万元，保费的50%由涪城区财政补贴。 　　本次试点项目由中信建投期货联合中信建投证券和人保财险绵阳涪城支公司开展，得到了绵阳市涪城区金融办、区农业局等部门的支持。各方历时8个月经过多次实地调研和方案磋商，项目最终成功落地。 　　由于鸡蛋属于生鲜产品，季节性特点明显，价格波动剧烈，养殖户面临较大的市场风险。传统鸡蛋“保险+期货”模式是以鸡蛋期货价格为结算价格，养殖户面临着基差风险。 　　期货日报记者了解到，此次试点以现货价(成都西部禽蛋批发市场批发价)为结算价格。当市场平均批发价低于养殖户投保价格时，保险公司即对养殖户进行赔偿，而保险公司通过挂钩期货价格的鸡蛋场外期权转移价格风险。该试点模式将基差风险成功地从养殖户转移至保险公司，提升了养殖户的接受度，切实保障了养殖户利益，可推广性更强。                                            (责任编辑：DF318)
瑞达期货：鸡蛋现货价格主稳 期市建议多单持仓,　　行情回顾：05月31日，鸡蛋1809合约收跌，开盘价4138元/500千克，收盘价4125元/500千克，较前一交易日结算价下跌29元/500千克，跌幅0.70%。持仓量减少2508手至144802手。 　　现货面：根据博亚和讯，全国主产区鸡蛋价格稳中有落，均价3。42元/斤，较30日下降0.01元/斤，其中山东地区均价最高为3.46元/斤，辽宁地区均价最低3.37元/斤。主产区蛋价多地继续稳定，山东、河北等部分地区下跌，销区北京、上海稳，广州继续走弱；北方农忙开始，本地销售基本正常，而南方销区稳中偏弱，蛋商按需采购，预计短期内鸡蛋价格或小幅震荡调整。 　　小结：去年11月、12月补栏较多，预计近期鸡蛋供应有保证；而5月下旬3.5元/斤的高价蛋需求偏弱，且玉米饲料价格后市偏空，成本支撑减弱，后市蛋价涨跌主要关注销区走货情况，同时临近端午节，预计后市鸡蛋需求应有增加。根据发改委价格监测中心数据，最新蛋料比价为2.91，高于蛋料比价平衡点2.62，较上周上涨2.11%；饲料价格环比上周下跌1.24%。期市上，1809合约短期可能维持4100元/500千克至4262元/500千克区间震荡偏强格局，多单可持有。                                            (责任编辑：DF318)
猪价低位震荡蛋价主稳 期价冲高回落,　　猪价低位震荡蛋价主稳 　　5月30日生猪鸡蛋行情回顾 　　数据来源： 中粮期货研究院 　　猪价震荡调整蛋价稳定 　　卓创数据显示，昨日国内猪价震荡盘整，出栏均价11.3元/公斤，头均亏损52元。最高价为12.0元/公斤出现在浙江，最低价为10.88元/公斤出现在山西。维持前期判断，上周猪价快速上涨来自于阶段性供需错配，基本面并未好转到趋势反转，阶段性补涨难以延续，预计近期猪价震荡偏弱。 　　昨日全国鸡蛋现货价格继续稳定，产区均价3.44元/500克。6月鸡蛋基本面压力大概率大于5月，上一轮补栏的高峰时间显示6月供应量环比继续放大，端午消费提振有限，预计鸡蛋现货价格易跌难涨。 　　鸡蛋操作建议 　　昨日鸡蛋主力合约1809冲高回落，日线收小阴线，3月份以来的每波回调低点小幅抬高，行情有逐步走强的趋势，但6月基本面不支撑09合约大幅上涨，高位追多有风险，建议观望为主，等待行情回调逢低做多。                                            (责任编辑：DF318)
猪价回调蛋价主稳 期价震荡,　　5月29日生猪鸡蛋行情回顾 数据来源：中粮期货研究院　　猪价回调蛋价稳定 　　卓创数据显示，昨日国内猪价震荡盘整，降价地区较多，出栏均价11.2元/公斤，头均亏损56元。最高价为12.40元/公斤出现在浙江，最低价为10.88元/公斤出现在山西。维持前期判断，上周猪价快速上涨来自于阶段性供需错配，基本面并未好转到趋势反转，阶段性补涨难以延续，预计近期猪价震荡偏弱。 　　5月接近尾声，鸡蛋价格如预期主稳，期价区间震荡，未能走出方向。昨日全国鸡蛋现货价格继续稳定，产区均价3.44元/500克。6月鸡蛋基本面压力大概率大于5月，上一轮补栏的高峰时间显示6月供应量环比继续放大，端午消费提振有限，预计鸡蛋现货价格易跌难涨。 　　鸡蛋操作建议 　　昨日鸡蛋主力合约1809日线收小阴线，3月份以来的每波回调低点小幅抬高，行情有逐步走强的趋势，但6月基本面不支撑09合约大幅上涨，高位追多有风险，建议观望为主，等待行情回调逢低做多。                                            (责任编辑：DF318)
猪价止涨走跌 供应压力犹存,　　5月28日生猪鸡蛋行情回顾 　　数据来源：wind 中粮期货研究院 　　猪价大幅回调 鸡蛋价格趋稳 　　昨日国内猪价止涨走跌，出栏均价11.3元/公斤，头均亏损42元。北方屠企结算价普遍下调0.2-0.5元/公斤，而京津冀地区降幅则高达0.5-0.8元/公斤；南方高价回落，但四川、广西等地低价有补涨，大场仍有撑价意向。维持前期判断，上周猪价快速上涨来自于阶段性供需错配，基本面并未好转到趋势反转，阶段性补涨难以延续，预计近期猪价震荡偏弱。 　　昨日全国鸡蛋现货价格趋稳，产区均价3.44元/500克。6月鸡蛋基本面压力大概率大于5月，上一轮补栏的高峰时间显示6月供应量环比继续放大，端午消费提振有限，预计鸡蛋现货价格易跌难涨。 　　鸡蛋操作建议 　　由于鸡蛋合约持仓限额标准有所提高，昨日鸡蛋主力合约1809成交量和持仓量双增，多空双方交投活跃，行情震荡偏强，收盘于4158元/500千克。目前行情位于4150压力位附近，行情易反复，建议观望为主。                                            (责任编辑：DF318)
鸡蛋处于震荡趋势,　　现货价格维持稳定，而存栏向上趋势对盘面形成压制。主力1809合约上方4150一线有一定压力，下方4000整数关口支撑稳固，区间震荡局面维持，短期内可尝试在4000左右逢低做多，4120以上逢高沽空，空单应在成本线80个点附近设好止损，及时止盈，不宜长期持有。 　　1809合约在冲高回落之后，近日处于震荡趋势，围绕4100点将有激烈争夺。下方60日均线以及4000整数关口支撑，上方4150为强势压力位置。                                            (责任编辑：DF318)
猪价涨幅加快 是阶段性补涨还是转为牛市,　　猪价加速上涨蛋价稳中上涨　　5月24日生猪鸡蛋行情回顾数据来源：wind 中粮期货研究院　　猪价涨幅加速鸡蛋稳中有涨　　昨日国内猪价涨幅加快，出栏均价10.8元/公斤，头均亏损130元，高价区域快速涨至12元/公斤。整体来看，北方猪价涨势较大，多地大场单日涨幅可达0.4-0.5元/公斤，屠企采购难度不减，结算价亦大幅跟涨；南方猪价涨幅多在0.1-0.3元/公斤左右，涨势相对缓和。目前，各地猪价基本仍在成本线以下，猪价未涨至目标价位，养殖端看涨情绪较重，市场猪源供应收紧，加之屠企白条提价顺利，预计短期猪价或维持上涨态势，但是基本面并未好转到趋势反转，阶段性补涨或难以延续，中长期下跌风险加大。　　昨日全国鸡蛋现货价格稳中有涨，产区均价3.4元/500克。5月接近尾声，蛋价走势基本符合前期判断，鸡蛋供需整体平衡，蛋价波动调整。6月鸡蛋基本面压力大概率大于5月，上一轮补栏的高峰时间显示6月供应量环比继续放大，端午消费提振有限，预计鸡蛋现货价格易跌难涨。　　鸡蛋操作建议　　鸡蛋主力合约1809波动幅度较小，成交量和持仓量均下降，日线收于上下带影线的小阳线，多方双方均较为谨慎。近期行情以震荡为主，短期难以走出方向，建议观望为主。                                            (责任编辑：DF318)
曹彦辉：买盘提振 美豆走高,　　周二CBOT大豆期货市场收盘上涨，少量买盘支撑价格，不过大豆播种进度高于预期，制约大盘的上涨空间。7月期约收高5.25美分，报收1030.50美分/蒲式耳。夜盘连粕先扬后抑，价格重心略有上移。  　　周二鸡蛋期货冲高回落，鸡蛋收购价格涨跌互现。由于端午将至，市场有季节性炒作的预期，不宜过分看涨。  　　操作上，M1809短线操作。JD1809合约短线操作。  　　分析师：曹彦辉                                            (责任编辑：DF350)
曹彦辉：出口担忧 美豆小幅下挫,　　周四CBOT大豆期货市场收盘下跌，因为市场再度担心大豆出口。7月期约收低4.75美分，报收995美分/蒲式耳。夜盘连粕低位窄幅震荡。  　　周四鸡蛋期货低位震荡，由于目前鸡蛋供给相对偏大，因此市场压力仍在，短期鸡蛋期货低位震荡延续。  　　操作上，M1809短线操作。JD1809合约短线操作。  　　分析师：曹彦辉                                            (责任编辑：DF350)
曹彦辉：外强内弱 连粕跳水,　　周二CBOT大豆期货市场坚挺上扬，美国压榨数据强劲，支持豆价上涨。7月期约收高1美分，报收1018.75美分/蒲式耳。夜盘连粕大幅下挫，跌幅达3%，空头施压明显。 　　周二鸡蛋主力合约高台跳水，与之相比，国内鸡蛋收购价格相对平稳。由于市场跌幅过猛，本周鸡蛋或将低位徘徊。操作上，M1809短线操作。JD1809合约短线操作。 　　分析师：曹彦辉                                            (责任编辑：DF350)
曹彦辉：低吸买盘 美豆走强,　　CBOT大豆期货周一上涨，交易商称受助于低吸买盘，以及贸易需求改善迹象。7月期约涨14.5美分，报收1017.75美分/蒲式耳。夜盘连粕低开高走，低位窄幅震荡。  　　周一鸡蛋主力合约延续高位震荡走势，期货升水依旧明显，这将至于市场反弹力度。  　　操作上，M1809短线操作。JD1809合约短线操作。  　　分析师：曹彦辉                                            (责任编辑：DF350)
曹彦辉：技术抛盘 美豆大幅下挫,　　周五CBOT大豆期货市场大幅下跌，因为技术抛盘活跃，还引发止损抛盘，造成豆价的跌幅进一步加剧。7月期约收低18美分，报收1003.25美分/蒲式耳。夜盘连粕震荡下挫，短期市场相对疲软。  　　周五鸡蛋期货高位调整。本周鸡蛋现货的回暖给市场带来支撑。  　　操作上，M1809合约、JD1809合约短线操作。  　　分析师：曹彦辉                                            (责任编辑：DF350)
曹彦辉：新年度库存下降 美豆小幅收涨,　　周四CBOT大豆期货市场收盘上涨，因为USDA在首次发布的2018/19年度供需报告中预计美国大豆期末库存为4.15亿蒲式耳，低于大多数分析师的预期。7月期约收高5.50美分，报收1021.25美分/蒲式耳。夜盘连粕低位窄幅震荡。 　　周四鸡蛋期货先抑后扬。端午节需求或将给市场带来短暂的提振。 　　操作上，M1809短线操作。JD1809合约短线操作。 　　分析师：曹彦辉                                            (责任编辑：DF350)
曹彦辉：报告前避险 美豆小幅下挫,　　周三CBOT大豆期货市场收盘下跌。USDA即将于周四发布5月份供需报告。避险情绪增加。7月期约收低4.50美分，报收1015.75美分/蒲式耳。夜盘连粕低位窄幅震荡，报告前或将低位企稳。  　　周三鸡蛋期货冲高回落，国内鸡蛋收购价格呈现弱势运行的格局。期货升水仍在进一布扩大，这不利于鸡蛋期货的反弹。  　　操作上，M1809短线操作。JD1809合约短线操作。  　　分析师：曹彦辉                                            (责任编辑：DF350)
曹彦辉：巴西现货走软 美豆粕领跌,　　周一CBOT大豆期货市场下跌，因巴西现货价格走软，美豆粕领跌豆类，多头平仓施压。7月期约收低25.25美分，报收1011.50美分/蒲式耳。受此影响连粕夜盘跳水，跌幅超过2%，资金离场明显。  　　周一鸡蛋期货震荡走高，低位买盘提振价格。  　　操作上，M1809合约多单减持，等待新的时机。  　　分析师：曹彦辉                                            (责任编辑：DF350)
曹彦辉：美豆走低,　　周五CBOT大豆期货市场收盘下跌。7月期约收低16.50美分，报收1036.75美分/蒲式耳。与之相比国内连粕冲高回落，市场仍处于窄幅波动内。  　　周五鸡蛋期货震荡下挫，短空平仓打压价格。  　　操作上，M1809合约多单减持，等待新的时机。  　　分析师：曹彦辉                                            (责任编辑：DF350)
技术解盘：焦炭强势特征凸显 鸡蛋突破60日均线,　　焦炭强势特征凸显 　　4月以来，焦炭期货1809合约期价在1700元/吨一线附近触底企稳，跌势趋缓。在经历半个多月的底部振荡后，W底逐渐构筑完成。4月23日，1809合约放量增仓、大幅上涨，期价一举突破1900元/吨的颈线位压力。虽然此后几个交易日受上方60日均线反压出现调整回撤，但呈现缩量态势，表明期价在突破后虽暂时走弱，但在颈线位处的支撑效应明显，由此宣告此前的W底成立，也预示未来价格将步入上涨阶段。节后首日，1809合约再度迎来大幅上涨4%的行情，强势特征凸显。 　　从均线系统来看，1809合约5日、10日和20日均线处在多头趋势中，其中5日均线上穿60日均线，而10日均线也上穿40日均线，表明短期反弹行情有望向中期上涨格局发展。 　　在MACD指标方面，红柱实体持续出现，而DIFF和DEA指标也维持多头趋势，且开始回升至零值上方运行，暗示多方力量稳步增强并占据主导地位。预计后市1809合约期价将进一步走强。 　　鸡蛋突破60日均线 　　鸡蛋期货1809合约在节前回补掉4月9日的向上跳空缺口以后，期价告别短期下跌走势，重新迎来上涨行情。近三个交易日，1809合约连续收涨，期价自3950元/500千克一线下方回升至4100元/500千克一线之上，强势姿态尽显，并有望试探之前的高点。 　　从均线系统来看，1809合约期价在近三个交易日内相继收复各条中短期均线。节后首日，期价更是大幅收涨，一举突破60日均线压制，最高攀升至4120元/500千克附近，距离4月9日的高点4138元/500千克仅一步之遥。 　　在MACD指标方面，绿柱实体消失，红柱实体重新出现，同时DIFF和DEA指标也开始由横向运行转为多头趋势，暗示多头力量再度增强。预计后市1809合约有望突破前高，继续走强。 (宝城期货 陈栋)                                            (责任编辑：DF350)
曹彦辉：近强远弱 美豆涨跌互现,　　CBOT大豆期货周四涨跌互见，豆粕攀升支撑近月大豆合约微幅上涨，远月合约则下滑。7月合约涨0.25美分，报每蒲式耳1039.5美元。受此影响，夜盘受到贸易摩擦缓和预期打压连粕震荡下挫。  　　周四鸡蛋期货低开高走。小长假前需求略增提振现货价格。这对期货市场有所提振。  　　操作上，M1809合约节日避险多单减持。JD1809合约短线操作。  　　分析师：曹彦辉                                            (责任编辑：DF350)
曹彦辉：买盘入场 美豆小涨,　　CBOT大豆期货周二收盘小涨，民间出口商向阿根廷出售13万吨大豆，抄底买盘入场。7月大豆合约涨1-3/4美分，收至每蒲式耳10.34美元。夜盘连粕震荡收阳。  　　周二鸡蛋期货震荡下挫，部分地区鸡蛋现货出现回调走势，期货升水依旧，导致期货领先现货而下挫。  　　操作上，M1809合约多单谨慎持有。JD1809合约短线操作。  　　分析师：曹彦辉                                            (责任编辑：DF350)
鸡蛋：稳健投资者暂时观望为主 等待入场机会,　　周二鸡蛋主力合约增仓下挫，跌破均线支撑，收盘价报3960元/500千克，涨跌幅-1.81%。现货方面，数据显示，今日全国主产区鸡蛋价格局部偏弱，均价3.50元/斤，较昨日下降0.01元/斤，其中河北地区均价最高为3.59元/斤，辽宁地区均价最低3.41元斤。今日主产区蛋价维稳，销区上海、北京稳定；目前终端零售压力略增，销区到货增加，产区采购谨慎。近期蛋价上涨，养殖户淘汰心理减弱，各地淘汰量明显减少；鸡苗价格跌破2元/羽，养殖户补栏积极性好转，种鸡场鸡苗销售计划加快，预计近期鸡蛋价格或震荡调整，高价区有回调可能。现阶段供需较为平衡，多空分歧较大，激进投资者可在日内高抛低吸，短线操作；稳健投资者暂时观望为主，等待入场机会。                                            (责任编辑：DF350)
曹彦辉：出口担忧情绪增加 美豆下跌,　　CBOT大豆期货周一下跌，7月期约收低8美分，报收1032.25美分/蒲式耳；夜盘连粕窄幅震荡，价格重心略有下移。  　　周一鸡蛋现货月领涨，主力合约低开高走，市场再度回到前期震荡区间内。期货依旧升水明显，因此不宜过分看高。  　　操作上，M1809合约多单谨慎持有。JD1809合约短线操作。  　　分析师：曹彦辉                                            (责任编辑：DF350)
产鸡存栏较正常年份明显偏少 鸡蛋静待阶段性牛市到来,　　提要 　　经过2017年上半年的低补栏和最近的加速淘汰，目前在产鸡存栏较正常年份明显偏少，再加上五一和端午消费预期的提振，鸡蛋价格阶段性牛市就要到来。 　　近期，鸡蛋现货价格运行重心上移，它不是通常那种由贸易商低价囤货引起的，而是由需求好转后产区出现供应缺口引发的，这种上涨具有持续性。在供需达到新一轮平衡前，鸡蛋价格将呈较强涨势。 　　存栏是决定鸡蛋现货价格的基础 　　2016年8月—2017年7月，连续数月补栏量超低，导致2018年一季度全国在产商品代蛋鸡的月均存栏理论值只有8.48亿只，创近5年来的历史同期最低值，较去年同期的12.04亿只减少3.56亿只，降幅高达29.6%。即使考虑之前鸡蛋价格高企产生的延淘因素，一季度的实际存栏和往年相比仍有较大幅度的下降。相应的，鸡蛋供应也有所萎缩。 　　上文选用的数据是由峪口研究院提供，峪口种苗约占全国商品代鸡苗市场份额的50%，数据相对可信。近几年的存栏变动可以较好得解释鸡蛋现货价格的波动。 　　这里需要说明两点：第一，这是一个假定淘鸡日龄都是510天的理想曲线，它能完美揭示补栏数据的效果，真正的在产蛋鸡存栏数据还必须根据淘汰数据及时进行修正。第二，在展望今年的端午行情时，市场经常对冬春两季的补栏忧心忡忡。这是一种误解。如果正常510天淘汰，4月存栏增量即是2017年12月补栏的4944万只减去2016年12月补栏的4651万只，其再除去总存栏量45539万只，4月存栏增量只占总存栏量的0.6%，几乎可以忽略不计。5月也是如此。这与我们实际调研时的情况相符，2016年冬季补栏与2017年冬季补栏相当。 　　端午行情其实就是淘汰行情 　　鸡蛋价格的节日效应明显，全年大致可以划分为春节行情、端午行情与中秋行情。大家对中秋行情和春节行情印象深刻，但对端午行情的感受就要浅淡得多，这主要有两方面的原因：其一，端午假期较短，餐饮消费提振需求的效果不是很明显；其二，2015、2016、2017连续3年的端午行情都没能体现出来，近因效应明显。然而，翻开历史，2005年至今，13年中只有2013、2015、2016、2017没有端午行情，其他年份则确实发生了，特别是2005、2007、2008、2011、2012年和2014年，涨幅普遍超过0.8元/斤。 　　细看端午行情的内在原因，中秋和春节行情的本质是消费对需求的提振，而端午的节日消费就没有那么明显了。既然如此，为什么会有端午行情出现呢？其中的关键就是淘汰。 　　春季是鸡苗补栏旺季，雏鸡养60天以后，必须淘汰老鸡，让出笼位，而新补鸡苗还得60天才能产蛋，这就产生了两个月的断档期，再叠加上农历三月三、五一假期、端午节的消费小高潮，供应与需求一碰面，一个价格高峰就如期而至了。 　　今年端午的情况预计和2007年极为相似。2016年春天遭遇禽流感，下半年补苗低迷，中秋、春节鸡蛋价格高企，引发长期延淘，2017年3—4月集中淘汰，产生了两个月的断档期，并且春季鸡蛋价格不低，社会库存没有建立起来……于是，端午前爆发了一波大行情，价格高点较春节高出0.5元/斤，创出年内最高点。近1年来，鸡蛋现货价格运行曲线和时间节点与彼时惊人相似。 　　淘汰变量可以从两方面进行分析 　　淘汰情况是决定端午行情的关键变量，为此，可以从两个方面进行分析。 　　一方面，通过日均淘汰数量和淘汰鸡日龄分析淘汰情况。 　　自2017年5月超淘后，秋冬季一直处于延淘状态，即使春节前按惯例应该大量淘鸡的季节也没有放量。2018年2月淘汰也不积极，高达3.2—3.4元/斤的现货价格与2.5元/斤的饲料成本相比仍然有足够的延淘吸引力。3月底4月初，淘汰速度明显加快，3月淘汰量为1—2月淘汰总量的80%，淘鸡日龄也从540天下降到500天，这说明延淘的老鸡已经淘汰了一部分，理论上目前在产存栏比春节时少了8%。 　　另一方面，通过收购点的大小蛋比例变化来分析老鸡淘汰情况。 　　3月15日以来的数据显示，大蛋比例已经从55%稳定降到45%，说明老鸡在加速淘汰，符合存栏结构预估。 　　当然，价格运动并不是存栏变化的简单分析，不能说淘汰7%价格就不能涨，淘汰10%就必须涨。还需要通过环比和同比进行判断。存栏下降8%以后，市场已经处于紧平衡状态，当需求来“点火”的时候，价格就有望重回春节时的水平。 　　再回头看期货盘面，1805和1806合约受年后需求走弱的拖累，市场一度对后市充满悲观预期，1805合约的盘面价格从3800元/500千克下跌至3200元/500千克，跌幅达600元/500千克，1806合约的跌幅也有500元/500千克。而随着需求的恢复，两合约盘面价格快速回升。目前，基本与下跌前的价格持平。鸡蛋近月合约走出了一个大大的V字形。这也对应着基本面的情况：今年的年后需求和往年相比是推迟的，但不代表需求不会释放，年后鸡蛋大幅下跌对应的是需求推迟，而下跌后的大幅回升对应的是需求逐步恢复正常。端午节的到来很有可能会打破供应和需求间的脆弱平衡。 　　综上所述，经过2017年上半年的低补栏和最近的加速淘汰，目前在产鸡存栏较正常年份明显偏少，鸡蛋价格具备大幅上涨的条件。此外，受五一和端午消费预期提振，鸡蛋价格阶段性牛市就要到来，尤其是前期各环节库存基本消化完毕，生鲜品并没有库存压力。对比2007年走势，预计鸡蛋价格5月下旬达到最高点，初步目标看向春节时的高点4.3元/斤，极端价格看向4.8元/斤。                                    (原标题：鸡蛋 静待阶段性牛市到来)                                                (责任编辑：DF350)
预计近期鸡蛋价格或震荡调整,　　周一鸡蛋主力合约探底回升，增仓上行。收盘价报4044元/500千克，涨跌幅0.75%。现货方面，据数据显示，今日全国主产区鸡蛋价格稳中调整，均价3.51元/斤，较上周五基本持平，其中河北地区均价最高为3.59元/斤，辽宁地区均价最低3.41元/斤。上周末两天部分地区继续上涨，局部小幅回调，今日整体趋稳，山东、河南局部回调；随着蛋价上涨，终端零售压力增加，销区走货有所转缓，蛋商开始观望，且养殖户多存看涨心理，各地区淘鸡量减少，预计近期鸡蛋价格或震荡调整，继续上涨动力不足。预计短期大概率或维持在4000-4100点附近震荡，激进投资者可在日内高抛低吸，短线操作；稳健投资者暂时观望为主，等待入场机会。                                            (责任编辑：DF350)
曹彦辉：天气良好 美豆走低,　　CBOT大豆市场期货市场下跌，因为气象预报显示主产区天气条件良好，引发一轮多头获利平仓抛售。7月期约收低8.75美分，报收1040.25美分/蒲式耳；夜盘连粕震荡走高，周一市场或将维持前期震荡格局。  　　周五鸡蛋主力合约震荡下挫。尽管现货近期相对坚挺，由于期货依然处于升水中，因此这对期货价格有所抑制。  　　操作上，M1809合约多单谨慎持有。JD1809合约短线操作。  　　分析师：曹彦辉                                             (责任编辑：DF350)
曹彦辉：担忧中国需求下滑 美豆走低,　　CBOT大豆期货周四下跌，因尽管出口报告强劲，但投资者担忧中国买需。 7月大豆期货收跌4-1/4美分，报每蒲式耳10.49美元。夜盘连粕低位窄幅震荡。  　　周四鸡蛋主力合约震荡下挫。期现基差回归仍在进行中。  　　操作上，M1809合约多单谨慎持有。JD1809合约短线操作。  　　分析师：曹彦辉                                             (责任编辑：DF350)
曹彦辉：技术抛盘 美豆下挫,　　周一CBOT大豆期货市场收盘下跌，因为多头获利平仓抛售，技术抛盘活跃。7月期约收低11.75美分，报收1053.25美分/蒲式耳。夜盘连粕震荡下跌。  　　周一鸡蛋期货近强远弱，震荡下挫。期现基差在明显缩小。  　　操作上，M1809合约多单减持。JD1809合约短线操作。  　　分析师：曹彦辉                                            (责任编辑：DF350)
技术解盘：动力煤现突破性大阳 鸡蛋指标缺乏特征,　　动力煤现突破性大阳 　　动力煤指数日K线图上显示，C点至D点的多头持续了约8个月之久，形成的趋势线由a、b、c和d点的连线来定义。在年后的空头加速过程中，动力煤彻底下破此趋势，进入了中期调整过程。 　　从下方支撑来看，连接A、B和C点的连线及延长线构成了近期空头的主要止跌位，实际价格在560元/吨附近。最近在进口煤受限的利好推动下，动力煤出现跳空高开的突破性大阳，而且放出成交天量。由此看来，后市进入振荡反弹周期是大概率事件。 　　鸡蛋指标缺乏特征 　　鸡蛋在2016年3月初跌破3500元/500千克以来，直观上看始终处于3500—4400元/500千克的宽幅振荡过程，成交量也相对活跃，但主力移仓至1809合约以后，成交量开始出现大幅下降，技术指标显示杂乱，缺乏一定级别行情突发的特征。 　　从技术上看，连接A、B和C点的连线构成价格上行的主要压力。从下方支撑来看，1809合约的换月缺口3730元/500千克附近是价格回落的技术支撑。预计鸡蛋在4000元/500千克上下窄幅波动，缺乏明显的交易机会。 　　(顾敏忠)                                            (责任编辑：DF350)
曹彦辉：多头平仓 美豆走低,　　周五CBOT大豆期货市场收盘下跌，未能延续早盘的涨势，因为周末前紧张的多头获利平仓抛售。7月期约收低6.75美分，报收1065美分/蒲式耳。夜盘连粕震荡下跌。 　　周五鸡蛋期货冲高回落，继续维持高位震荡走势。本周鸡蛋现货的回暖给市场带来支撑。 　　操作上，M1809合约多单谨慎持有。JD1809合约短线操作。 　　分析师：曹彦辉                                            (责任编辑：DF350)
曹彦辉：报告库存下调 美豆走高,　　CBOT大豆期货周二收高，此前美国农业部在月度报告中下调2017/18美国农业部大豆结转库存预估，与市场预期库存增加相反。5月大豆合约收高3美分，报每蒲式耳10.50美元。夜盘连粕低位震荡。  　　周二鸡蛋期货高位震荡。短期鸡蛋市场或将在周边市场的影响下震荡反复。  　　操作上，M1809合约多单谨慎持有。JD1809合约短线操作。  　　分析师：曹彦辉                                            (责任编辑：DF350)
曹彦辉：出口需求提振 美豆上涨,　　周一CBOT大豆期货市场上涨，因为有新的出口需求，春播可能耽搁。5月期约收高13.25美分，报收1047美分/蒲式耳。夜盘连粕低位震荡。  　　周一鸡蛋期货冲高回落，现货的走高，给鸡蛋期货带来提振。短期鸡蛋市场或将在周边市场的提振下，重心上移。  　　操作上，M1809合约多单持有。JD1809合约短线操作。  　　分析师：曹彦辉                                             (责任编辑：DF350)
节后首个交易日鸡蛋和粕类期货领涨市场,　　清明节后的首个交易日，国内商品期市多数品种逞强，涨幅居前的包括鸡蛋、豆粕、菜粕、黄大豆一号、黄大豆二号等农产品期货，基本符合此前市场的预期。 　　昨日，鸡蛋和粕类期货均高开后快速走低，之后宽幅振荡并有所回升。截至当日收盘，鸡蛋期货主力1805合约收涨4.71%，豆粕期货主力1809合约涨幅达4.2%，菜粕期货主力1809合约上涨4.19%。部分化工品、黑色系商品午后快速上涨，当日收盘，甲醇期货主力合约上涨逾3%，热卷、螺纹钢期货主力合约均上涨1.8%以上。 　　有分析人士表示，周一鸡蛋和粕类期货涨幅较大，与清明节前我国公布将对原产于美国的大豆等进口农产品加征关税措施有关。 　　“周一国内商品期市粕类品种大涨，就是对我国将对原产于美国的部分农产品加征关税的反应。”光大期货高级分析师王娜对期货日报记者说，这使市场预期进口大豆成本将提升，豆粕、豆油压榨成本将增加。 　　国投安信期货投资咨询部龚萍认为，豆类价格3月份在阿根廷大豆减产的影响下已经止跌企稳，中美贸易摩擦升级增强了进口大豆成本抬升预期，推动了豆类价格上涨，并进一步传导至相关农产品上。 　　“尽管加征关税措施还没有实施，但政策性风险溢价短期难以消退，豆类价格可能还会出现大的波动。”龚萍对记者说，豆粕将是其中表现最为坚挺的品种，因为市场上难以寻找到数量相当的替代品。在全球蛋白市场上，豆粕是产量和消费量最大的品种，占到整个蛋白市场约60%的份额。一旦豆粕供应出现较大缺口，即使菜粕、棉粕等可以替代，替代数量也难以填补供应缺口。 　　自美国发布对华“301调查”项下征税产品建议清单以来，市场已对中国将采取相应对等措施有所预期，豆类市场之前已有所反应。 　　“周一豆粕、菜粕等品种高开后快速回落，主要是因为当前市场很难判断中美贸易摩擦能持续多久，加征关税措施会否落地。”王娜说，当日美豆电子盘继续反弹，国内豆类走势则体现了市场的观望情绪，以及对中美贸易摩擦将会逐步缓和的预期。 　　龚萍认为，周一豆粕、菜粕期货高开后快速走低，一方面是因为市场预期加征税措施短期内不会落地，另一方面，市场担忧贸易摩擦给经济带来负面影响。 　　“美国方面之前发布的征税产品建议清单公示期为60天，5月15日召开听证会，5月22日之前提交听证期间的公众意见，到期后再公布最终清单。由此来看，中美两国还有就贸易争端磋商的时间和余地。”龚萍说。 　　对于后市，王娜认为，需要继续关注中美贸易摩擦去向，粕类价格将延续涨势。 　　“后期粕类价格将维持上涨趋势，油脂价格或呈现振荡格局。”中信期货农产品高级研究员刘高超预计。 　　在国泰君安期货农产品研究员刘佳伟看来，目前影响国内农产品期现货市场的主要因素是市场情绪。“中美贸易摩擦未来去向，将直接影响国内油脂油料及相关商品价格走势。在征税措施未落地之前，粕类价格易涨难跌，油粕价格比继续回落的概率较大，鸡蛋价格短期以偏强振荡为主。”刘佳伟说。                                            (责任编辑：DF350)
商品收盘涨跌互现 农产品走弱鸡蛋跌停,摘要            【商品收盘涨跌互现 农产品走弱鸡蛋跌停】东方财富网29日讯，周四商品期货市场涨跌互现，截至收盘，鸡蛋跌停，跌4.97%，沪银、棕榈、豆油、沪金、豆粕、苹果、菜油、白糖、原油、菜粕、焦炭跌逾1%；而涨幅方面，沪镍、螺纹、焦煤、PP、热卷、铁矿涨逾1%。                               　　东方财富网29日讯，周四商品期货市场涨跌互现，截至收盘，鸡蛋跌停，跌4.97%，沪银、棕榈、豆油、沪金、豆粕、苹果、菜油、白糖、原油、菜粕、焦炭跌逾1%；而涨幅方面，沪镍、螺纹、焦煤、PP、热卷、铁矿涨逾1%。 　　鸡蛋期货弱势难改 　　从基本面来看，业内人士分析，供应方面，目前蛋鸡存栏处于相对低位，但新开产蛋鸡正在增多，中小码鸡蛋供应也持续增加。在消费没有明显提升的背景下，供应整体偏于宽松；需求方面，和中秋、国庆节这样的大节日相比，清明节的备货实际带动的鸡蛋消费量有限，无法明显改善需求。“当前，在经过两三天比较明显涨价之后，蛋价已经出现了上涨乏力的局面。” 　　方正中期期货鸡蛋分析师霍雅文预计，近期鸡蛋价格仍将小幅上涨，但上涨幅度有限。主力合约1805高开低走，上行遇阻，预计短期内仍将于3300元/500千克-3600元/500千克区间震荡；操作上，建议滚动操作为主。 　　瑞达期货研究指出，目前鸡蛋市场整体仍处于消费淡季，到货正常，走货缓慢。近日现货价格上涨难度较大，清明节前鸡蛋补货或有一定的利好空间。期货盘面上，鸡蛋1805合约偏弱整理，短线预计将低位震荡运行，建议短线在3326元/500千克-3470元/500千克高抛低吸，止损各30元/吨。 　　螺纹钢多头力量略胜一筹 　　28日，螺纹钢期货主力1805合约高开后，在多头增仓的推动下，期价继续上扬。之后，随着部分多头获利离场，叠加空头资金增仓打压，期价振荡下挫。此时，空头快速减仓，期价强势反弹。但多、空资金同时减仓离场，使得期价盘整于上一交易日结算价附近。 　　交易所多空持仓前20席位数据显示，1805合约出现多、空同减态势。其中，多头减持1183张，空头减持12177张，空头减持幅度明显大于多头减持幅度。 　　具体来看，1805合约前20席位多头中，增持多单的席位有8个。其中，永安期货席位和申万期货席位增持幅度均超过5000张，其余席位增持幅度则集中在1000张以内。减持多单的12个席位中，减持幅度最高不超过4000张，部分席位仅做小幅度调整。 　　在前20席位空头中，增持空单的席位有9个。其中，中信建投席位和中辉期货席位增持幅度均超过3000张，其余席位调整幅度不大。减持空单的11个席位中，减持幅度超过3000张的席位有5个，整体减持幅度较大。 　　通过观察主力持仓动向，当日前20席位空头持仓减持幅度明显大于多头持仓减持幅度，且从席位多、空持仓调整的方向和力度上看，多头力量略胜一筹，预计后市期价有望止跌反弹。                                            (责任编辑：DF350)
商品午盘多数飘绿 鸡蛋大跌4.71%,摘要            【商品午盘多数飘绿 鸡蛋大跌4.71%】东方财富网29日讯，周四早盘商品市场跌多涨少，截至中午收盘，鸡蛋跌4.71%，焦煤跌2.59%，焦炭、原油、沪银、豆粕、棕榈、菜粕跌逾1%，苹果、豆油、沪金跌近1%；而涨幅方面，热卷、螺纹、玻璃涨近1%。                               　　东方财富网29日讯，周四早盘商品市场跌多涨少，截至中午收盘，鸡蛋跌4.71%，焦煤跌2.59%，焦炭、原油、沪银、豆粕、棕榈、菜粕跌逾1%，苹果、豆油、沪金跌近1%；而涨幅方面，热卷、螺纹、玻璃涨近1%。 　　鸡蛋期货弱势难改 　　从基本面来看，业内人士分析，供应方面，目前蛋鸡存栏处于相对低位，但新开产蛋鸡正在增多，中小码鸡蛋供应也持续增加。在消费没有明显提升的背景下，供应整体偏于宽松；需求方面，和中秋、国庆节这样的大节日相比，清明节的备货实际带动的鸡蛋消费量有限，无法明显改善需求。“当前，在经过两三天比较明显涨价之后，蛋价已经出现了上涨乏力的局面。” 　　方正中期期货鸡蛋分析师霍雅文预计，近期鸡蛋价格仍将小幅上涨，但上涨幅度有限。主力合约1805高开低走，上行遇阻，预计短期内仍将于3300元/500千克-3600元/500千克区间震荡；操作上，建议滚动操作为主。 　　瑞达期货研究指出，目前鸡蛋市场整体仍处于消费淡季，到货正常，走货缓慢。近日现货价格上涨难度较大，清明节前鸡蛋补货或有一定的利好空间。期货盘面上，鸡蛋1805合约偏弱整理，短线预计将低位震荡运行，建议短线在3326元/500千克-3470元/500千克高抛低吸，止损各30元/吨。 　　螺纹钢多头力量略胜一筹 　　28日，螺纹钢期货主力1805合约高开后，在多头增仓的推动下，期价继续上扬。之后，随着部分多头获利离场，叠加空头资金增仓打压，期价振荡下挫。此时，空头快速减仓，期价强势反弹。但多、空资金同时减仓离场，使得期价盘整于上一交易日结算价附近。 　　交易所多空持仓前20席位数据显示，1805合约出现多、空同减态势。其中，多头减持1183张，空头减持12177张，空头减持幅度明显大于多头减持幅度。 　　具体来看，1805合约前20席位多头中，增持多单的席位有8个。其中，永安期货席位和申万期货席位增持幅度均超过5000张，其余席位增持幅度则集中在1000张以内。减持多单的12个席位中，减持幅度最高不超过4000张，部分席位仅做小幅度调整。 　　在前20席位空头中，增持空单的席位有9个。其中，中信建投席位和中辉期货席位增持幅度均超过3000张，其余席位调整幅度不大。减持空单的11个席位中，减持幅度超过3000张的席位有5个，整体减持幅度较大。 　　通过观察主力持仓动向，当日前20席位空头持仓减持幅度明显大于多头持仓减持幅度，且从席位多、空持仓调整的方向和力度上看，多头力量略胜一筹，预计后市期价有望止跌反弹。                                            (责任编辑：DF350)
鸡蛋期货服务产业迈上新台阶,　　去年3月，大连商品交易所推出鸡蛋期货合约“每日交割”、车板交割等一系列新制度。实施一年来，在“鸡天天下蛋”的产业特点下，“蛋天天交割”的新制度获得市场好评。　　大商所相关负责人表示，一年来，产业企业参与鸡蛋期货交易和交割的积极性大大增加，期货市场运行质量有效提升。尤其在去年鸡蛋现货市场大幅波动情况下，鸡蛋期货市场保持平稳运行，充分发挥价格发现和风险管理功能，为企业规避风险，为整个产业提供了有效的风险管理工具和平台。　　与一次性交割方式中一个合约只有一个交割日不同，在全月每日选择交割和车板交割制度下，卖方客户可以在交割月第一个交易日至最后交易日的前一交易日主动申报交割，一个合约可以交割的日期最多增加到了18个。　　同时，在已有的标准仓单交割基础上增加车板交割，卖方在交易所指定车板交割场所将货物装载至买方车板便可完成实物交收，不仅更贴合鸡蛋现货贸易贴点，也减少了检验费、仓储损耗等费用。　　湖北家和美食品有限公司早在2014年就参与了鸡蛋期货上市以来的首次交割，新制度推出后，又成为交易所指定的首个鸡蛋期货车板交割场所。公司总经理闫铁山说：“‘每日交割’不用受制于一次性交割的限制，可以实现天天交，车板交割更便于贸易商、中小蛋鸡养殖企业参与卖方交割，也有助于买方接货后处理现货，加快了货物的周转速度。”　　交割作为连接期现货市场的桥梁，其顺畅度与期货价格的有效性息息相关。市场普遍反映，鸡蛋1703合约以来，期现价差的收敛性越来越好。“1702合约在临近交割月时一直处于期货升水的状态，直到临近一次性交割时期货价格才逐渐回归。而1703合约在进入交割月后，期货价格很快回归。到1704合约时，基本与现货价格走势一致。”闫铁山说。　　“每日交割”和车板交割等新制度自鸡蛋1703合约实施至今已成功交易了12个合约。由于新制度更符合鸡蛋作为鲜活农产品保质期短、即产即销的特点，提高了市场可供交割量，产业企业参与期货套期保值的积极性大幅提升。　　据统计，2017年参与鸡蛋期货交易的单位客户数量同比增长了25%，单位客户年累计成交量和日均成交量同比分别增长34.2%和46.5%。去年3月至今年2月末，鸡蛋期货共完成交割463手，是上市前三年总交割量的3倍，其中多数采用“每日交割”方式，共计418手。此外，由于车板交割有利于减少仓储损耗，大幅降低交割成本，目前已逐步取代仓库交割。一年来，车板交割共计88手，超过上市前三年冷库交割的总和。　　济南良新商贸有限公司总经理张良书表示，去年鸡蛋现货价格的大幅波动，让整个鸡蛋产业看到了鸡蛋期货的价值，以往靠天吃饭的行业思维显然是不可持续的，将期货价格作为实际经营工作中控制成本、核算利润的参考，正成为很多鸡蛋养殖企业的习惯。　　大商所相关负责人表示，蛋鸡养殖产业参与期货程度的加深对期货市场提出了更高要求。交割区域内的规模化蛋鸡养殖企业、鸡蛋批发市场等相关企业可向大商所提出申请，成为鸡蛋交割厂库和车板交割场所，共同为鸡蛋产业参与利用期货市场提供优质的交割服务。                                            (责任编辑：DF118)
技术解盘：沪胶持续走低 鸡蛋短线超跌,　　沪胶持续走低 　　沪胶1805合约在本周一回吐完春节后的反弹涨幅后，周二继续下行，并击穿前期低点12225元/吨，最低下探至12075元/吨。周二收出带下影线的大阴线，暗示短线急跌激发起多头的抵抗情绪，不过周三胶价持续下跌，则强化了空头趋势尚未转变的事实。 　　从均线系统看，1805合约5日、10日和20日均线由此前的横向互相缠绕重新转为空头趋势，暗示期价再度走弱。同时，MACD指标方面，红柱实体消失，绿柱实体出现，且有放大趋势，暗示空头力量增加。此外，DIFF和DEA指标发生死叉后，有转空迹象，且仍在零值下方运行，表明空头力量占据主导优势。预计1805合约还将维持弱势姿态运行。 　　鸡蛋短线超跌 　　受利空因素冲击，本周一鸡蛋期货1805合约快速下跌，并以跌停报收。之后两个交易日，期价延续跌势，再度下探，最低跌至3353元/吨。短短三个交易日内，期价呈现断崖式下跌景象，累计跌幅达到7.25%。 　　从均线系统来看，由于短期鸡蛋价格跌势迅猛，脱离上方5日均线较远，技术上存在抄底反弹诉求。不过后市即便迎来反弹，整体上行空间还是有限的，因为中期趋势走弱，上方5日、10日、20日、40日和60日均线转入空头趋势中，暗示未来下行压力较大。 (宝城期货 陈栋)                                            (责任编辑：DF350)
技术解盘：鸡蛋继续加速下跌 十债正形成上升状态,　　图一鸡蛋——继续加速下跌　　鸡蛋1805合约周一放量收于跌停板，同时也下破了前期的盘整低位，技术上的空头状态促使技术性抛盘加入，致使期货价格周二继续加速大跌。不过成交量的持续放大，也表明空头力量正得以逐渐释放，3350一带若继续短期下探，或将产生修复性反弹行情。　　图二：焦碳——1900显现支撑　　焦碳1805合约目前价格已经接近1900元/吨，也是日线布林通道下轨处，这个位置可能因为短期期货价格的超跌而形成支撑。不过后期反弹过程中仍要注意2030附近的压力。　　图三：十债——正形成上升状态　　十债1806合约自1月下旬以来开始呈现振荡反弹特征， 价格逐渐突破各中短期均线，目前已站上60日均线上方。周二放量增仓一举突破近期高点，技术上多头势短期强劲。                                            (责任编辑：DF350)
鸡蛋：“蛋蛋”的忧伤 伤不起,　　周二鸡蛋1805主力合约受周一跌停影响，跳空低开后继续走低。如下图1 所示，鸡蛋1805合约截至午后收盘报收3374点，跌幅近3%，全天在开盘后迅速走低，虽多头有所挣扎，但基本被空头主导，震荡走低。 图1，鸡蛋，1805合约日分时图，2018.03.20午后收盘图数据来源：截取于文华财经　　>>>> 基本面分析： 　　近期现货市场，全国各地鸡蛋现货报价普遍稳中有跌，尤其江苏、河北、河南等地报价走低幅度较大；其次，鸡蛋目前整体受季节性影响，期价大幅走低，主要是因为春节过后鸡蛋需求有所下降，而其他方面需求又步入预期；另据贸易监控显示，鸡蛋库存在增加，贸易商看跌预期增加，预期短期期价仍会偏弱调整。目前五月主力合约主要受现货影响较大，建议关注现货报价走势。 　　>>>> 技术面分析： 　　如下图2所示，鸡蛋1805合约去年五月份以来基本上处于横盘震荡区间，幅度约为400点左右，但图2蓝色水平线从周一低开后快读走低也就被彻底击穿，也就预示着整个横盘区间得到了方向性的选择，再加上目前季节性拖累，空头在短期之内或仍有发挥；量能方面也表现积极，成交量迅速放大，但持仓有所减少，投资者可以等待空头加仓，这样做空把握会更打；均线系统目前在期价上方，底部没有任何支撑，这波鸡蛋期价下跌走到何处没有谁可以预料。 图2，鸡蛋，1805合约日K图，2018.03.20午后收盘图数据来源：截取于文华财经　　>>>> 投资建议： 　　建议投资者可以顺势做空，但也需要做好保护，切记不可逆势盲目抄底。                                            (责任编辑：DF350)
鸡蛋现价疲软 期价继续下跌,　　【盘面回顾】 　　昨日，鸡蛋主力低开低走，期价继续下跌，jd1805报收3374元(-104元/吨)，成交23.6万手(+18.4万手)，持仓17.2万手(-12896手)。 　　【市场行情】 　　国内蛋价继续下跌，整体走货仍未见明显好转，库存仍有一定压力，终端消费疲软，预计蛋价继续走弱。根据最新数据显示，2018年2月蛋鸡存栏13.34亿只，环比下降3.05%，同比增加0.31%；在产蛋鸡存栏10.66亿只，环比减少4.28%，同比去年减少5.47%。从鸡龄结构来看，主力产蛋鸡占比从上月的62.21%回升至63.27%，即将淘鸡占比从上月13.96%下降至11.75%。芝华数据预测：3月之后蛋鸡存栏环比增加，预计5月之前鸡蛋价格震荡运行。 　　【操作建议】 　　蛋价持续疲软，05主力低开低走，短线偏空思路操作，但持续下跌后下方空间有限，前空可继续持有，新单暂不追空。                                            (责任编辑：DF350)
现货扫描：鸡蛋下方空间有限 豆粕盘整格局难破,　　鸡蛋下方空间有限 　　近期鸡蛋大幅下挫，延续去年9月以来的回落态势。目前临近自2016年开始的反弹通道下沿，且临近自2016年以来涨幅的黄金分割0.618支撑处，预计下方空间有限。KDJ向上收敛后再度向下扩散，说明短期仍偏弱，介入多单还需耐心等待一下。这轮下跌伴随着淘汰蛋鸡的出清，但淘汰蛋鸡快速出清后也令供应逐步收紧，从芝华数据在产蛋鸡存栏量来看，在产蛋鸡存栏近月持续下滑，目前已经下滑至去年5月的水平，主要原因为新增量小于淘汰量，这对鸡蛋市场会构成相对支撑，限制其下行空间。 　　豆粕盘整格局难破 　　近期，连豆粕自3150元/吨开始回调，目前临近前期涨势黄金分割点0.382处，缩量回调显示动能不足，短期预计在2970—3120元/吨之间振荡运行的可能较大，而不上破前高的话仍有下行可能，目标在2820元/吨一带。 　　之前豆粕大幅涨至3120元/吨一带，主要原因为市场对于阿根廷大豆减产的普遍性预期在1000万吨左右，市场前期已经有所反映。近期阿根廷出现降雨，市场对于大豆减产的预期未进一步增加，但也并没有明显下降。对应地，豆粕在此位置进行振荡调整的可能较大，除非有进一步利多或者利空题材出现，市场不具备破局的条件。 (元邦投资王玉红)                                            (责任编辑：DF350)
陕西省首单政策性鸡蛋“保险+期货”项目签约,　　陕西省首单政策性鸡蛋“保险+期货”项目近日在铜川签约。人保财险陕西省分公司和银河期货共同为铜川吉祥春养殖农民专业合作社生产的20万斤鸡蛋提供风险保障，切实帮助投保人规避未来鸡蛋价格波动造成的收益损失。 　　据期货日报记者了解，铜川2017年12月发布《“保险+期货”试点工作实施方案》，将鸡蛋确定为首个试点品种，财政提供80%的保费补贴，投保人仅承担20%的保费。据介绍，未来银河期货和人保财险陕西省分公司将继续加大合作力度，进一步研究推进“保险+期货”服务“三农”项目，共同为陕西农业发展作出贡献。                                            (责任编辑：DF350)
陕西省首单政策性鸡蛋“保险+期货”项目落地,摘要            3月16日，铜川市吉祥春养殖农民专业合作社拿到了政策性鸡蛋期货价格保险保单，标志着陕西省首单政策性鸡蛋“保险+期货”成功花落铜川。                             　　3月16日，铜川市吉祥春养殖农民专业合作社拿到了政策性鸡蛋期货价格保险保单，标志着陕西省首单政策性鸡蛋“保险+期货”成功花落铜川。　　政策性鸡蛋“保险+期货”是人保财险陕西省分公司和银河期货有限公司共同研发的保险扶贫创新险种，由人保财险铜川分公司和银河期货有限公司西安营业部具体实施。本次鸡蛋“保险+期货”采用亚式期权设计，人保财险在银河期货有限公司子公司银河德睿资本管理有限公司以购买鸡蛋场外期权对冲风险，银河德睿资本有限公司以自身的专业并通过大连商品期货交易所鸡蛋期货对冲风险。携手期货，将农业价格保险升级为“保险+期货”，可以改变原有的农产品价格风险转移方式和国家对农产品补贴方式，也是对传统价格保险产品的技术升级。利金融用衍生品市场承接和转移农产品价格风险，弥补了传统价格保险缺少有效风险转移机制的内生机制缺陷，可以快速将价格保险扩大到多种大宗农产品和农副产品，实现风险分散的规模化。　　2017年12月，铜川出台《“保险+期货”试点工作实施方案》，将鸡蛋确定为首个试点品种，由财政提供80%保费补贴、投保人承担20%保费。吉祥春养殖农民专业合作社参加政策性鸡蛋“保险+期货”后，所生产的20万斤鸡蛋在两个月的保险期限内将享受4.285元/斤的兜底价格，从而科学规避鸡蛋市场价格波动风险。　　铜川试点政策性鸡蛋“保险+期货”是继之前在全国率先成功试点苹果“保险+期货”后积极落实中央“一号文件”精神的又一次具体实践，有利于丰富铜川保险助推脱贫攻坚示范区内涵，促进铜川鸡联盟做大做强，更好地发挥保险服务实体经济功能。                                    (原标题：陕西省首单政策性鸡蛋“保险+期货”项目落地)                                                (责任编辑：DF353)
技术解盘：焦碳关注1900附近支撑情况,　　图一鸡蛋——放量跌停  　　鸡蛋1805合约周一放量收于跌停板，同时也下破了前期的盘整低位，技术上的空头状态促使技术性抛盘加入，致使期货价格加速大跌。不过成交量的急剧放大以及盘中跌停板多次的打开，也暗示着空头力量得以一定程度的释放。 　　图二：焦碳——关注1900附近支撑情况  　　焦碳1805合约3月9日收出大阴K线，下破60日均线支撑，随后价格继续维持偏弱运行。从盘面来看，目前价格已经接近1900元/吨，也是日线布林通道下轨处，这个位置可能因为短期期货价格的超跌而形成支撑，应警惕价格突然出现技术性反弹修复。 　　图三：PP——维持偏空运行  　　PP1805合约威廉指标近期持续处低位运行，说明空头力量仍占据主导。去年四季度的低点能否形成有效支撑，仍待观察。从目前盘面看，下破的可能性更大。                                            (责任编辑：DF350)
鸡蛋价继续走弱 期价全面大跌,　　【盘面回顾】 　　昨日，鸡蛋合约全面大跌，主力合约放量跌停，jd1805报收3439元(-180元/吨)，成交26.3万手(+18.4万手)，持仓18.5万万手(+16680手)。 　　【市场行情】 　　昨日，国内蛋价全面回调，整体走货仍未见明显好转，库存仍有一定压力，终端消费疲软，预计蛋价继续走弱。根据最新数据显示，2018年2月蛋鸡存栏13.34亿只，环比下降3.05%，同比增加0.31%；在产蛋鸡存栏10.66亿只，环比减少4.28%，同比去年减少5.47%。从鸡龄结构来看，主力产蛋鸡占比从上月的62.21%回升至63.27%，即将淘鸡占比从上月13.96%下降至11.75%。芝华数据预测：3月之后蛋鸡存栏环比增加，预计5月之前鸡蛋价格震荡运行。 　　【操作建议】 　　鸡蛋现货走弱，期价跟风全面下跌，且期货合约升水较高，jd1805创近10月新低，预计低位震荡调整，建议暂做观望。                                            (责任编辑：DF350)
商品收盘黑色系全线下挫 铁矿石跌4.54%,摘要            【商品收盘黑色系全线下挫 铁矿石跌4.54%】东方财富网19日讯，周一商品期货市场跌多涨少，黑色系全线下挫，截至收盘，鸡蛋跌停，跌4.97%，铁矿石跌4.54%，焦炭跌2.38%，螺纹跌2.30%，动煤、热卷、橡胶、沪铜跌逾1%；而涨幅方面，沥青涨2.60%，甲醇涨2.46%，玻璃涨逾1%。                             　　东方财富网19日讯，周一商品期货市场跌多涨少，黑色系全线下挫，截至收盘，鸡蛋跌停，跌4.97%，铁矿石跌4.54%，焦炭跌2.38%，螺纹跌2.30%，动煤、热卷、橡胶、沪铜跌逾1%；而涨幅方面，沥青涨2.60%，甲醇涨2.46%，玻璃涨逾1%。　　甲醇后市有望企稳　　年初至今，甲醇连续振荡下跌，行情走跌的原因有：甲醇现货大涨后，激发了下游的抵触情绪，下游开工快速回落；春节期间甲醇装置开工稳定，库存出现回升；原料煤炭以及相关联品种原油价格逐渐回落，成本重心下滑；国内气头装置在采暖季结束后有大面积重启计划。在以上多方面利空因素压制下，郑醇开启了振荡下跌模式。至此，我们认为悲观情绪的释放已经接近尾声，后市有望企稳。　　供给端方面，国内甲醇装置即将进入春季检修期，数据显示，西北区域的一些大型煤制装置在4月有集中检修计划，届时国内供应压力会有缩减。另外，伊朗、美国等地区确实有潜在的新增产能压力，不过以上两地装置的投产日期总是一拖再拖，所以不必过于担心来自海外的新增压力。　　豆粕追涨风险加大　　CFTC豆粕非商业基金持仓对全球豆粕期价的走势具有指导性意义。一般来说，基金建仓和持有时间在3个月以内，一波行情的开启和结束大概率会通过持仓反映出来。对豆粕非商业基金持仓11年的数据进行对比，发现1—4月豆粕价格上涨的概率在60%，之后就会步入下行通道。现阶段，CFTC豆粕非商业基金持仓量已经创下新高，时间点上也临近变盘。　　阿根廷减产效应逐渐消退，市场关注点集中到3月底的美豆种植意向报告上。另外，国内油厂压榨利润丰厚，后期大豆到港量增加，豆粕供应无忧，而生猪养殖已经处在亏损阶段，养殖户补栏积极性不高，饲料需求低迷，操作上建议卖出套期保值或者已经点价的贸易商等待逢高沽空时机的出现，追涨需谨慎。　　商品新闻>>>　　“中国版”原油期货将于26日上市　　“中国版”原油期货即将诞生 “价格发现”增强定价权　　本周如何交易黄金与原油？机构给出最新交易策略                                            (责任编辑：DF350)
鸡蛋：供需矛盾加剧,　　春节前，全国鸡蛋产区现货价格在4.24.3元/斤，而春节后，价格持续下跌，截至3月14日，部分产区甚至跌破3元/斤的关口。期货价格则维持强势，主要是年后玉米、豆粕价格上涨，饲料成本增加。另外，前期鸡蛋期货已经出现一波大跌，利空效应基本得到释放。 　　部分机构认为蛋鸡存栏偏少、新生开学及产业工人陆续返城将提振现货价格，但春节后鸡蛋现货延续下跌走势，3月第2周，部分地区已经跌至3元/斤。 　　理论上，蛋鸡产蛋率跟品种有关。从鸡雏算起，16—17周蛋鸡开始产蛋，之后产蛋率快速提升，23—24周进入产蛋高峰(产蛋率超过90%)，产蛋高峰一般持续20—22周(蛋鸡生命周期的43—45周)。产蛋高峰过后，如果饲料营养及管理到位，蛋鸡产蛋率仍能维持85%—90%的水平10周左右。到55—60周，蛋鸡产蛋率下降到80%，养殖户便考虑淘汰。这时，如果鸡蛋价格偏高，且饲料营养及管理到位，那么65周的蛋鸡也能将产蛋率维持在78%—80%，养殖户主动淘汰的意愿偏低。 　　2017年4—5月集中淘汰了一部分蛋鸡，但同期补栏不足，使得2017年下半年鸡蛋价格维持高位。7月以后，蛋鸡补栏意愿提高，特别是8—11月，众多种鸡场鸡苗销售一空，提货需要等待20—30天。7月初补栏的蛋鸡在10月下旬开始产蛋，11月下旬12月初进入产蛋高峰期。理论上，4—5月为2017年下半年集中补栏的蛋鸡的产蛋高峰。 　　年后，虽然鸡蛋现货价格持续下跌，但是部分管理较好的养殖户依然保有盈利，即使养殖成本偏高，其也不会主动淘汰。加之新开产蛋鸡增加，而需求不足，短期内鸡蛋产区现货均价恐向2.8元/斤靠拢。 　　(作者单位：布瑞克农信集团)                                            (责任编辑：DF350)
鸡蛋价稳中有降 期价窄幅震荡,"　　【盘面回顾】 　　昨日，鸡蛋主力窄幅震荡，成交大幅缩量，jd1805报收3606元(-7元/吨)，成交60850手(-10.5万手)，持仓17.5万手(-2296手)。 　　【市场行情】 　　昨日，国内鸡蛋价格整体稳定，部分地区走货有所好转，但销区货源压力仍在，各主销区到车数量正常，库存仍有一定压力，终端消费一般，流动库存尚需消化，预计蛋价稳定为主。根据最新数据显示，2018年2月蛋鸡存栏13.34亿只，环比下降3.05%，同比增加0.31%；在产蛋鸡存栏10.66亿只，环比减少4.28%，同比去年减少5.47%。从鸡龄结构来看，主力产蛋鸡占比从上月的62,21%回升至63.27%，即将淘鸡占比从上月13.96%下降至11.75%。芝华数据预测：3月之后蛋鸡存栏环比增加，预计5月之前鸡蛋价格震荡运行。 　　【操作建议】 　　国内蛋价基本稳定，部分地区小幅下跌，3580一线支撑较强，短线承压于5日线，预计继续低位调整，暂做观望。                                            (责任编辑：DF350)"
鸡蛋期价低开高走 短期底部或现,　　昨日，鸡蛋主力低开高走，成交有所缩量，jd1805报收3693元(-21元/吨)，成交13.9万手(-26852手)，持仓17.4万手(-8600手)。 　　【市场行情】 　　昨日，全国蛋价继续回调，蛋商观望心理增强，采销均显谨慎，产销区走货均放缓，压价现象较为严重。此外，前期各环节备货基本完成，前期需求端支撑减弱，库存有所积压，需求重回淡季行情。蛋价下跌预期兑现，未来不排除鸡蛋价格的进一步下跌，但空间或有限。 　　【操作建议】 　　蛋价继续下降，主力连续大跌后低开高走，于3630一线支撑明显，短期走势或弱势调整，但下方空间有限，暂可谨慎观望，激进者可逢低做多。                                            (责任编辑：DF350)
鸡蛋价稳中有降 期价震荡上行,　　【盘面回顾】 　　上周五，鸡蛋主力震荡上涨，成交有所增量，jd1805报收3793元(+18元/吨)，成交12.7万手(+25158手)，持仓19.6万手(+1702手)。 　　【市场行情】 　　上周国内蛋价整体稳中有降，主销区走货较慢，到货压力较大，预计蛋价继续偏弱运行。学校开学及企业开工，下游需求有所恢复，对于盘面有所支撑。基本面上，在产蛋鸡存栏量偏低的情况在现货价格上已体现，盘面上涨动能不足，且老鸡淘汰仍是不确定因素。 　　【操作建议】 　　现货供需矛盾不大，期价突破5日线，买盘力量增强，多头仍显主动，建议多单继续持有，3730一线止损。                                            (责任编辑：DF350)
鸡蛋下跌动能不足 期价收十字星,　　【盘面回顾】 　　昨日，鸡蛋主力日男人震荡，成交有所增量，jd1805报收3772元(+0元/吨)，成交10.2万手(+37952手)，持仓19.5万手(+3608手)。 　　【市场行情】 　　昨日，国内蛋价整体稳定，河北降价明显，主销区走货较慢，预计蛋价偏弱运行。学校开学及企业开工，下游需求有所恢复，对于盘面有所支撑。基本面上，在产蛋鸡存栏量偏低的情况在现货价格上已体现，盘面上涨动能不足，且老鸡淘汰仍是不确定因素，就目前来看蛋价的回升有望减缓老鸡淘汰。 　　【操作建议】 　　现货供需矛盾不大，盘面于5日线附近分歧明显，期价有望继续偏弱调整，建议多单谨慎持有。                                            (责任编辑：DF350)
